id,nombre,tecnica,norma,periodicidad,familia_objetivo
IEA-SUB,Inspección preventiva a subestaciones (estado aparente),Recorrido visual + termografía puntual + auditoría de operación,NRF-048-PEMEX; NOM-029-STPS; NFPA 70B,Mensual / Bimestral,subestacion;tablero;interruptor
IEA-TRA,Inspección de transformadores en aceite,Estado aparente + termometría + toma de muestras + medición cargas,IEEE C57.152; NFPA 70B; NRF-048-PEMEX,Trimestral,transformador_aceite;transformador
IEA-TRS,Temperatura en transformadores secos (termografía),Termografía IR + termometría RTD + carga,IEEE C57.12; NFPA 70B; PM_TRANSFORMADORES_SECOS_TERMOMETRIA (interno),Mensual / Bimestral,transformador_seco
IEA-TAB,Temperatura en tableros eléctricos (termografía),Termografía IR bajo carga,NFPA 70B; NETA MTS Tbl 100.18; ANSI C37.20,Trimestral,tablero;ccm
IEA-INT,Temperatura en interruptores de alta tensión (termografía),Termografía IR + medición corriente,ANSI C37.20; NFPA 70B; NETA MTS,Trimestral,interruptor
IEA-ARR,Termografía a arrancadores,Termografía IR bajo carga + inspección contactor,NFPA 70B; NETA MTS,Trimestral,arrancador
MMR-VIB,Vibraciones de motores eléctricos,Vibrometría multi-eje V/H/A + aceleración envolvente (gE),ISO 20816-3; IEEE 841 §6.9; NEMA MG-1 §7,Mensual (crítico) / Bimestral (rutina),motor
MMR-MON,Monitoreo de motores con VFD (parámetros eléctricos),"I/V por fase, temperatura RTD, MCSA",IEEE 1415; NEMA MG-1 §30 (VFD); NRF-048-PEMEX,Continua / Mensual,motor;vfd;ccm
MMR-CCM,Desbalance CCM 480 V,Analizador de red (I/V/THD/FP),NEMA MG-1 §14.35 (I); §14.36 (V); IEEE 519,Trimestral,ccm;tablero
US-AC,Ultrasonido acústico de condición,SEE / detector airborne 20-100 kHz,ISO 17359; ISO 29821-1,Bimestral,motor;transformador;interruptor;tablero
DIE-RIG,Rigidez dieléctrica de aceite (D-1816),Prueba de ruptura dieléctrica en laboratorio,ASTM D-1816; IEEE C57.106,Anual,transformador_aceite
TRA-DES,Transformadores de desaladora (monitoreo específico),"I secundario, corriente derivación, temperatura, sonidos",IEEE C57.106; NRF-048,Mensual,transformador
IEA-BAT,Cargador y banco de baterías (celda por celda),"Voltaje flotación por celda, gravedad específica, temperatura, impedancia",IEEE 450 (VLA); IEEE 1188 (VRLA); NRF-097-PEMEX,Mensual (rondas); Semestral (impedancia),baterias;ups_sfi
IEA-SFI,Sistema de fuerza ininterrumpida (SFI/UPS),Prueba de autonomía + THD de salida + inspección banco,IEEE 946; NRF-097-PEMEX; IEC 62040,Trimestral,ups_sfi;baterias
IEA-REL,Relevadores de protección (verificación de ajustes),Inyección secundaria + verificación firmware/pickup/tiempo,IEEE C37.90; IEEE C37.2; NRF-048,Bianual,relevador
IEA-TE,Estado aparente de torres de enfriamiento (motores + reductores),Recorrido visual + vibración + termografía + ultrasonido,CTI Institute; ISO 20816-3,Mensual,motor;torre_enfriamiento
IEA-SOL,Estado aparente de soloaires (motoventiladores),Recorrido visual + vibración + termografía,ISO 20816-3 A2 GP2 base flexible / rígida,Mensual,motor
