rank,score,tag,familia,sector,criticidad_abc,nivel_tension,HP,kVA,V,I,denom,planta
1,19.19,TR-SEP01-01A,transformador,8,C,AT,,7558881.0,115000.0,126500.0,TRANSFORMADOR DE POTENCIA TR-SEP01-01A,PLANTA DE COGENERACIÓN
2,19.19,TR-GTG1,transformador,8,C,AT,,3023552.4,115000.0,126500.0,TRANSFORMADOR DE POTENCIA TR-GTG1,PLANTA DE COGENERACIÓN
3,18.81,TR-SEP01-01B,transformador,8,C,AT,,186695.4,115000.0,3124.4,TRANSFORMADOR DE POTENCIA TR-SEP01-01B,PLANTA DE COGENERACIÓN
4,18.81,TR-SEP02-02,transformador,8,C,AT,,186014.2,115000.0,3113.0,TRANSFORMADOR DE POTENCIA TR-SEP02-02,PLANTA DE COGENERACIÓN
5,18.81,TR-SEP02-01,transformador,8,C,AT,,186000.0,115000.0,3113.0,TRANSFORMADOR DE POTENCIA TR-SEP02-01,PLANTA DE COGENERACIÓN
6,18.48,TR-STG1,transformador,8,C,AT,,145000.0,115000.0,6066.4,TRANSFORMADOR ELEVADOR POTENCIA TR-STG1,PLANTA DE COGENERACIÓN
7,18.39,TR-GTG3,transformador,8,C,AT,,135044.0,115000.0,5650.0,TRANSFORMADOR ELEVADOR POTENCIA TR-GTG3,PLANTA DE COGENERACIÓN
8,18.39,TR-GTG2,transformador,8,C,AT,,135020.1,115000.0,5649.0,TRANSFORMADOR ELEVADOR POTENCIA TR-GTG2,PLANTA DE COGENERACIÓN
9,11.74,TR-SEP02-08,transformador,8,C,MT,,74501.3,34500.0,3117.0,TRANSFORMADOR DE POTENCIA TR-SEP02-08,PLANTA DE COGENERACIÓN
10,11.74,TR-SEP02-07,transformador,8,C,MT,,74501.3,34500.0,3117.0,TRANSFORMADOR DE POTENCIA TR-SEP02-07,PLANTA DE COGENERACIÓN
11,11.74,TR-SEP02-06,transformador,8,C,MT,,74501.3,34500.0,3117.0,TRANSFORMADOR DE POTENCIA TR-SEP02-06,PLANTA DE COGENERACIÓN
12,11.74,TR-SEP02-05,transformador,8,C,MT,,74501.3,34500.0,3117.0,TRANSFORMADOR DE POTENCIA TR-SEP02-05,PLANTA DE COGENERACIÓN
13,11.74,TR-SEP02-04,transformador,8,C,MT,,74501.3,34500.0,3117.0,TRANSFORMADOR DE POTENCIA TR-SEP02-04,PLANTA DE COGENERACIÓN
14,11.74,TR-SEP02-03,transformador,8,C,MT,,74501.3,34500.0,3117.0,TRANSFORMADOR DE POTENCIA TR-SEP02-03,PLANTA DE COGENERACIÓN
15,11.56,TR-SEP01-04B,transformador,8,C,MT,,59993.0,34500.0,2510.0,TRANSFORMADOR DE POTENCIA TR-SEP01-04B,PLANTA DE COGENERACIÓN
16,11.56,TR-SEP01-04A,transformador,8,C,MT,,59993.0,34500.0,2510.0,TRANSFORMADOR DE POTENCIA TR-SEP01-04A,PLANTA DE COGENERACIÓN
17,11.56,TR-SEP01-03B,transformador,8,C,MT,,59993.0,34500.0,2510.0,TRANSFORMADOR DE POTENCIA TR-SEP01-03B,PLANTA DE COGENERACIÓN
18,11.56,TR-SEP01-03A,transformador,8,C,MT,,59993.0,34500.0,2510.0,TRANSFORMADOR DE POTENCIA TR-SEP01-03A,PLANTA DE COGENERACIÓN
19,11.56,TR-SEP01-02B,transformador,8,C,MT,,59993.0,34500.0,2510.0,TRANSFORMADOR DE POTENCIA TR-SEP01-02B,PLANTA DE COGENERACIÓN
20,11.56,TR-SEP01-02A,transformador,8,C,MT,,59993.0,34500.0,2510.0,TRANSFORMADOR DE POTENCIA TR-SEP01-02A,PLANTA DE COGENERACIÓN
21,11.2,TR-19-02,transformador_seco,8,C,MT,,39796.2,13800.0,1665.0,TRANSFORMADOR DE POTENCIA TR-19-02,SECCION TORRE DE ENFRIAMIENTO CT-00202
22,11.2,TR-19-01,transformador_seco,8,C,MT,,39796.2,13800.0,1665.0,TRANSFORMADOR DE POTENCIA TR-19-01,SECCION TORRE DE ENFRIAMIENTO CT-00202
23,11.2,TR-02-11,transformador_seco,8,C,MT,,39796.2,13800.0,1665.0,TRANSFORMADOR DE POTENCIA TR-02-11,U-RECUPERADORA DE AZUFRE (PRA1) TREN 1
24,11.2,TR-02-12,transformador_seco,8,C,MT,,39796.2,13800.0,1665.0,TRANSFORMADOR DE POTENCIA TR-02-12,U-RECUPERADORA DE AZUFRE (PRA1) TREN 1
25,11.04,TR-25-02,transformador_seco,8,C,MT,,33175.4,13800.0,1388.0,TRANSFORMADOR DE POTENCIA TR-25-02,SECCION TORRE DE ENFRIAMIENTO CT-00203
26,11.04,TR-25-01,transformador_seco,8,C,MT,,33175.4,13800.0,1388.0,TRANSFORMADOR DE POTENCIA TR-25-01,SECCION TORRE DE ENFRIAMIENTO CT-00203
27,10.95,GBM-31001,arrancador,2,C,MT,40000.0,,13800.0,,ARRANCADOR GBM-31001,U-DE COQUIZACIÓN RETARDADA
28,10.8,TR-15-20,transformador,2,C,MT,,25000.0,34500.0,1045.9,TRANSFORMADOR TR-15-20,U-DE COQUIZACIÓN RETARDADA
29,10.79,TR-16-02,transformador_seco,8,C,MT,,24857.7,13800.0,1040.0,TRANSFORMADOR DE POTENCIA TR-16-02,SECCION TORRE DE ENFRIAMIENTO CT-00201
30,10.79,TR-16-01,transformador_seco,8,C,MT,,24857.7,13800.0,1040.0,TRANSFORMADOR DE POTENCIA TR-16-01,SECCION TORRE DE ENFRIAMIENTO CT-00201
31,10.61,TR-SEP02-10,transformador,8,C,MT,,20159.9,34500.0,2798.0,TRANSFORMADOR DE POTENCIA TR-SEP02-10,PLANTA DE COGENERACIÓN
32,10.61,TR-SEP02-09,transformador,8,C,MT,,20159.9,34500.0,2798.0,TRANSFORMADOR DE POTENCIA TR-SEP02-09,PLANTA DE COGENERACIÓN
33,10.6,TR-SEP01-05B,transformador,8,C,MT,,20001.4,34500.0,2776.0,TRANSFORMADOR DE POTENCIA TR-SEP01-05B,PLANTA DE COGENERACIÓN
34,10.6,TR-SEP01-05A,transformador,8,C,MT,,20001.4,34500.0,2776.0,TRANSFORMADOR DE POTENCIA TR-SEP01-05A,PLANTA DE COGENERACIÓN
35,10.47,TR-12-02,transformador_seco,1,C,MT,,17250.0,13800.0,2394.1,TRANSFORMADOR TR-12-02,U-DE DESTILACIÓN COMBINADA (UDC2) TREN 2
36,10.47,TR-12-01,transformador_seco,1,C,MT,,17250.0,13800.0,2394.1,TRANSFORMADOR TR-12-01,U-DE DESTILACIÓN COMBINADA (UDC2) TREN 2
37,10.47,TR-121-02,transformador_seco,1,C,MT,,17250.0,13800.0,2394.2,TRANSFORMADOR TR-121-02,U-DE DESTILACIÓN COMBINADA (UDC1) TREN 1
38,10.47,TR-121-01,transformador_seco,1,C,MT,,17250.0,13800.0,2394.1,TRANSFORMADOR TR-121-01,U-DE DESTILACIÓN COMBINADA (UDC1) TREN 1
39,10.35,21-TR-101B,transformador_seco,3,C,MT,,15000.0,13800.0,2394.1,TRANSFORMADOR 21-TR-101B,PLANTA DESINTEGRACIÓN CATALÍTICA (FCC1)
40,10.35,21-TR-101A,transformador_seco,3,C,MT,,15000.0,13800.0,2394.1,TRANSFORMADOR 21-TR-101A,PLANTA DESINTEGRACIÓN CATALÍTICA (FCC1)
41,10.3,MGB-71001,motor,5,C,MT,18929.0,,13200.0,710.1,MOTOR ELECTRICO MGB-71001,U-REFORMADORA CATALÍTICA NAFTAS (REF1)
42,10.28,TR-ANR-01,transformador_seco,8,C,MT,,13800.0,13800.0,1915.2,TRANSFORMADOR DE POTENCIA TR-ANR-01,ARRANQUE NEGRO
43,10.28,TR-18-02,transformador_seco,8,C,MT,,13800.0,13800.0,1915.0,TRANSFORMADOR DE POTENCIA TR-18-02,SECCION DE CONTRAINCENDIO
44,10.28,TR-18-01,transformador_seco,8,C,MT,,13800.0,13800.0,1915.0,TRANSFORMADOR DE POTENCIA TR-18-01,SECCION DE CONTRAINCENDIO
45,10.23,TR-19-04,transformador_seco,8,C,MT,,12998.0,4160.0,1804.0,TRANSFORMADOR DE POTENCIA TR-19-04,SECCION TORRE DE ENFRIAMIENTO CT-00202
46,10.23,TR-19-03,transformador_seco,8,C,MT,,12998.0,4160.0,1804.0,TRANSFORMADOR DE POTENCIA TR-19-03,SECCION TORRE DE ENFRIAMIENTO CT-00202
47,10.19,TR-AUX-TG3,transformador,8,C,MT,,12500.9,13800.0,1735.0,TRANSFORMADOR ELEV POTENCIA TR-AUX-TG3,PLANTA DE COGENERACIÓN
48,10.19,TR-AUX-TG2,transformador,8,C,MT,,12500.9,13800.0,1735.0,TRANSFORMADOR ELEV POTENCIA TR-AUX-TG2,PLANTA DE COGENERACIÓN
49,10.19,TR-AUX-GTG1,transformador,8,C,MT,,12500.9,13800.0,1735.0,TRANSFORMADOR ELEV POTENCIA TR-AUX-GTG1,PLANTA DE COGENERACIÓN
50,10.19,TR-216-04,transformador_seco,8,C,MT,,12499.4,13800.0,1734.8,TRANSFORMADOR ELEV DE POTENCIA TR-216-04,PLANTA DE COGENERACIÓN
51,10.16,TR-14-02,transformador_seco,3,C,MT,,12000.0,13800.0,1915.0,TRANSFORMADOR TR-14-02,U-DE ALQUILACIÓN (ALKY1)
52,10.16,TR-14-01,transformador_seco,3,C,MT,,12000.0,13800.0,1915.0,TRANSFORMADOR TR-14-01,U-DE ALQUILACIÓN (ALKY1)
53,10.12,TR-17-02,transformador_seco,8,C,MT,,11500.0,13800.0,1596.0,TRANSFORMADOR DE POTENCIA  TR-17-02,SERVICIOS COMPLEMENTARIOS
54,10.12,TR-17-01,transformador_seco,8,C,MT,,11500.0,13800.0,1596.0,TRANSFORMADOR DE POTENCIA TR-17-01,SERVICIOS COMPLEMENTARIOS
55,10.12,TR-15-04,transformador_seco,2,C,MT,,11500.0,13800.0,1596.0,TRANSFORMADOR TR-15-04,U-DE COQUIZACIÓN RETARDADA
56,10.12,TR-15-03,transformador_seco,2,C,MT,,11500.0,13800.0,1596.0,TRANSFORMADOR TR-15-03,U-DE COQUIZACIÓN RETARDADA
57,10.12,TR-15-02,transformador_seco,2,C,MT,,11500.0,13800.0,1596.0,TRANSFORMADOR TR-15-02,U-DE COQUIZACIÓN RETARDADA
58,10.12,TR-15-01,transformador_seco,2,C,MT,,11500.0,13800.0,1596.0,TRANSFORMADOR TR-15-01,U-DE COQUIZACIÓN RETARDADA
59,10.12,71-TR-101 B,transformador_seco,5,C,MT,,11500.0,13800.0,1596.0,TRANSFORMADOR 71-TR-101 B,U-REFORMADORA CATALÍTICA NAFTAS (REF1)
60,10.12,71-TR-101 A,transformador_seco,5,C,MT,,11500.0,13800.0,1596.0,TRANSFORMADOR 71-TR-101 A,U-REFORMADORA CATALÍTICA NAFTAS (REF1)
61,9.88,TR-16-03,transformador_seco,8,C,MT,,8660.6,4160.0,1202.0,TRANSFORMADOR DE POTENCIA TR-16-03,SECCION TORRE DE ENFRIAMIENTO CT-00201
62,9.88,TR-19-06,transformador_seco,8,C,MT,,8660.6,4160.0,1202.0,TRANSFORMADOR DE POTENCIA TR-19-06,SECCION TORRE DE ENFRIAMIENTO CT-00202
63,9.88,TR-19-05,transformador_seco,8,C,MT,,8660.6,4160.0,1202.0,TRANSFORMADOR DE POTENCIA TR-19-05,SECCION TORRE DE ENFRIAMIENTO CT-00202
64,9.88,TR-16-06,transformador_seco,8,C,MT,,8660.6,4160.0,1202.0,TRANSFORMADOR DE POTENCIA TR-16-06,SECCION TORRE DE ENFRIAMIENTO CT-00201
65,9.88,TR-16-05,transformador_seco,8,C,MT,,8660.6,4160.0,1202.0,TRANSFORMADOR DE POTENCIA TR-16-05,SECCION TORRE DE ENFRIAMIENTO CT-00201
66,9.88,TR-16-04,transformador_seco,8,C,MT,,8660.6,4160.0,1202.0,TRANSFORMADOR DE POTENCIA TR-16-04,SECCION TORRE DE ENFRIAMIENTO CT-00201
67,9.87,52-TR-101 B,transformador_seco,4,C,MT,,8625.0,13800.0,1197.0,TRANSF 52-TR-101 B SE27 MED TENS BUS B,U-HIDROTRAT DESTILADOS INTER (HDDI2) T-2
68,9.87,52-TR-101 A,transformador_seco,4,C,MT,,8625.0,13800.0,1197.0,TRANSF 52-TR-101 A SE27 MED TENS BUS A,U-HIDROTRAT DESTILADOS INTER (HDDI2) T-2
69,9.87,40-TR-101 B,transformador_seco,4,C,MT,,8625.0,13800.0,1197.0,TRANSF 40-TR-101 B SE24 ALT TENS BUS B,U-HIDROTRAT DE GASÓLEOS (HDTGO) NÚM. 1
70,9.87,40-TR-101 A,transformador_seco,4,C,MT,,8625.0,13800.0,1197.0,TRANSF 40-TR-101 A SE24 ALT TENS BUS A,U-HIDROTRAT DE GASÓLEOS (HDTGO) NÚM. 1
71,9.87,51-TR-101 B,transformador_seco,4,C,MT,,8625.0,13800.0,1197.0,TRANSF 51-TR-101 B SE26 MED TENS BUS B,U-HIDROTRAT DESTILADOS INTER (HDDI1) T-1
72,9.87,51-TR-101 A,transformador_seco,4,C,MT,,8625.0,13800.0,1197.0,TRANSF 51-TR-101 A SE26 MED TENS BUS A,U-HIDROTRAT DESTILADOS INTER (HDDI1) T-1
73,9.87,TR-29-02,transformador_seco,TALLERES,C,MT,,8625.0,13800.0,1197.0,TRANSFORMADOR TR-29-02,EDIFICIO ADMINISTRATIVO SUR
74,9.87,TR-29-01,transformador_seco,TALLERES,C,MT,,8625.0,13800.0,1197.0,TRANSFORMADOR TR-29-01,EDIFICIO ADMINISTRATIVO SUR
75,9.87,TR-21-02,transformador_seco,7,C,MT,,8625.0,13800.0,1041.0,TRANSFORMADOR DE POTENCIA TR-21-02,CASA DE BOMBAS 2
76,9.87,TR-21-01,transformador_seco,7,C,MT,,8625.0,13800.0,1041.0,TRANSFORMADOR DE POTENCIA TR-21-01,CASA DE BOMBAS 2
77,9.87,TR-20-02,transformador_seco,7,C,MT,,8625.0,13800.0,1041.0,TRANSFORMADOR DE POTENCIA TR-20-02,CASA DE BOMBAS 1
78,9.87,TR-20-01,transformador_seco,7,C,MT,,8625.0,13800.0,1041.0,TRANSFORMADOR DE POTENCIA TR-20-01,CASA DE BOMBAS 1
79,9.87,TR-05-02,transformador_seco,5,C,MT,,8625.0,13800.0,,TRANSFORMADOR TR-05-02,U-TRATAMIENTO/RECUPERACIÓN GAS (PTRG1)
80,9.87,TR-05-01,transformador_seco,5,C,MT,,8625.0,13800.0,,TRANSFORMADOR TR-05-01,U-TRATAMIENTO/RECUPERACIÓN GAS (PTRG1)
81,9.75,TR-06-02,transformador_seco,5,C,MT,,7500.0,13800.0,1197.0,TRANSFORMADOR TR-06-02,U-ISOMERIZADORA PENTANOS/HEXANOS (PNX1)
82,9.75,TR-06-01,transformador_seco,5,C,MT,,7500.0,13800.0,1197.0,TRANSFORMADOR TR-06-01,U-ISOMERIZADORA PENTANOS/HEXANOS (PNX1)
83,9.75,62-TR-101B,transformador_seco,5,C,MT,,7500.0,13800.0,1040.8,TRANSFORMADOR 62-TR-101B,U-HIDROTRAT DE NAFTAS (HDN2) TREN 2
84,9.75,62-TR-101A,transformador_seco,5,C,MT,,7500.0,13800.0,1040.8,TRANSFORMADOR 62-TR-101A,U-HIDROTRAT DE NAFTAS (HDN2) TREN 2
85,9.75,61-TR-101A,transformador_seco,5,C,MT,,7500.0,13800.0,1040.8,TRANSFORMADOR 61-TR-101A,U-HIDROTRAT DE NAFTAS (HDN1) TREN 1
86,9.75,61-TR-101B,transformador_seco,5,C,MT,,7500.0,13800.0,1040.8,TRANSFORMADOR 61-TR-101B,U-HIDROTRAT DE NAFTAS (HDN1) TREN 1
87,9.63,TR-25-04,transformador_seco,8,C,MT,,6499.0,4160.0,902.0,TRANSFORMADOR DE POTENCIA TR-25-04,SECCION TORRE DE ENFRIAMIENTO CT-00203
88,9.63,TR-25-03,transformador_seco,8,C,MT,,6499.0,4160.0,902.0,TRANSFORMADOR DE POTENCIA TR-25-03,SECCION TORRE DE ENFRIAMIENTO CT-00203
89,9.52,TR-23-02,transformador_seco,4,C,MT,,5750.0,13800.0,798.0,TRANSF TR-23-02 SE23 MEDIA TENS BUS B,U-GENERADORA DE HIDRÓGENO (PH21) TREN 1
90,9.52,TR-23-01,transformador_seco,4,C,MT,,5750.0,13800.0,798.0,TRANSF TR-23-01 SE23 MEDIA TENS BUS A,U-GENERADORA DE HIDRÓGENO (PH21) TREN 1
91,9.52,TR-30-01,transformador_seco,8,C,MT,,5750.0,34500.0,798.0,TRANSFORMADOR DE POTENCIA TR-30-01,SUMINISTRO DE AGUA CRUDA
92,9.52,TR-28-02,transformador_seco,TALLERES,C,MT,,5750.0,13800.0,798.0,TRANSFORMADOR TR-28-02,EDIFICIO ADMINISTRATIVO NORTE
93,9.52,TR-28-01,transformador_seco,TALLERES,C,MT,,5750.0,13800.0,798.0,TRANSFORMADOR TR-28-01,EDIFICIO ADMINISTRATIVO NORTE
94,9.4,ASA-151-01,arrancador,2,C,MT,6705.0,,13800.0,,ARRANCADOR ASA-151-01,U-DE COQUIZACIÓN RETARDADA
95,9.4,ASA-151-02,arrancador,2,C,MT,6705.0,,13800.0,,ARRANCADOR ASA-151-02,U-DE COQUIZACIÓN RETARDADA
96,9.4,GAM-31014 A,motor,2,C,MT,6705.0,,13800.0,255.4,MOTOR ELECTRICO GAM-31014 A,U-DE COQUIZACIÓN RETARDADA
97,9.4,GAM-31014 B,motor,2,C,MT,6705.0,,13800.0,255.4,MOTOR ELECTRICO GAM-31014 B,U-DE COQUIZACIÓN RETARDADA
98,9.31,TR-02-02,transformador_seco,6,C,MT,,4512.0,13800.0,598.6,TRANSFORMADOR TR-02-02,U-RECUPERADORA DE AZUFRE (PRA1) TREN 1
99,9.31,TR-02-01,transformador_seco,6,C,MT,,4512.0,13800.0,598.5,TRANSFORMADOR TR-02-01,U-RECUPERADORA DE AZUFRE (PRA1) TREN 1
100,9.3,MBC-41001 A,motor,4,C,MT,6000.0,,13200.0,203.8,MOTOR ELECTRICO MBC-41001 A,U-HIDROTRAT DE GASÓLEOS (HDTGO) NÚM. 1
