tag,sector,denominacion,criticidad_abc,n_equipos_asociados,ubicacion_base
SE-015,2,SUBESTACIÓN SE-015,A,252,TRI-REF-DBP-02SEL-S_015
SE-001,8,SUBESTACIÓN SE-001,A,107,TRI-REF-DBP-08SEL-S_001
SE-018,8,SUBESTACIÓN SE-018,A,81,TRI-REF-DBP-08SEL-S_018
SEP02,8,SUBESTACIÓN PRINCIPAL SEP02,A,305,TRI-REF-DBP-08SEL-SEP02
SE-019,8,SUBESTACIÓN SE-019,A,115,TRI-REF-DBP-08SEL-S_019
SE-016,8,SUBESTACIÓN SE-016,A,107,TRI-REF-DBP-08SEL-S_016
SEP01,8,SUBESTACIÓN PRINCIPAL SEP01,A,546,TRI-REF-DBP-08SEL-SEP01
SE-ANR,8,SUBESTACIÓN SE-ANR,A,46,TRI-REF-DBP-08SEL-S_ANR
SE-017,8,SUBESTACIÓN SE-017,A,74,TRI-REF-DBP-08SEL-S_017
SE-025,8,SUBESTACIÓN SE-025,A,71,TRI-REF-DBP-08SEL-S_025
SE-030,8,SUBESTACIÓN SE-030,A,38,TRI-REF-DBP-08SEL-S_030
SE-013,7,SUBESTACIÓN SE-013,A,57,TRI-REF-DBP-07SEL-S_013
SE-020,7,SUBESTACIÓN SE-020,A,94,TRI-REF-DBP-07SEL-S_020
SE-021,7,SUBESTACIÓN SE-021,A,82,TRI-REF-DBP-07SEL-S_021
SE-022,7,SUBESTACIÓN SE-022,A,41,TRI-REF-DBP-07SEL-S_022
SE-010,7,SUBESTACIÓN SE-010,A,94,TRI-REF-DBP-07SEL-S_010
SE-033,7,SUBESTACIÓN SE-033,A,70,TRI-REF-DBP-07SEL-S_033
SE-023,4,SUBESTACIÓN SE-023,A,113,TRI-REF-DBP-04SEL-S_023
SE-007,3,SUBESTACIÓN SE-007,A,193,TRI-REF-DBP-03SEL-S_007
SE-014,3,SUBESTACIÓN SE-014,A,178,TRI-REF-DBP-03SEL-S_014
SE-026,4,SUBESTACIÓN SE-026,A,157,TRI-REF-DBP-04SEL-S_026
SE-027,4,SUBESTACIÓN SE-027,A,149,TRI-REF-DBP-04SEL-S_027
SE-024,4,SUBESTACIÓN SE-024,A,171,TRI-REF-DBP-04SEL-S_024
SE-002,6,SUBESTACIÓN SE-002,A,198,TRI-REF-DBP-06SEL-S_002
SE-008,6,SUBESTACIÓN SE-008,A,118,TRI-REF-DBP-06SEL-S_008
SE-009,6,SUBESTACIÓN SE-009,A,105,TRI-REF-DBP-06SEL-S_009
SE-003,5,SUBESTACIÓN SE-003,A,153,TRI-REF-DBP-05SEL-S_003
SE-004,5,SUBESTACIÓN SE-004,A,148,TRI-REF-DBP-05SEL-S_004
SE-005,5,SUBESTACIÓN SE-005,A,94,TRI-REF-DBP-05SEL-S_005
SE-006,5,SUBESTACIÓN SE-006,A,162,TRI-REF-DBP-05SEL-S_006
SE-011,5,SUBESTACIÓN SE-011,A,210,TRI-REF-DBP-05SEL-S_011
SE-012,1,SUBESTACIÓN SE-012,A,175,TRI-REF-DBP-01SEL-S_012
SE-029,6,SUBESTACIÓN SE-029,A,157,TRI-REF-DBP-06SEL-S_029
SE-028,6,SUBESTACIÓN SE-028,A,132,TRI-REF-DBP-06SEL-S_028
