tag,familia,sector,parametro,unidad,valor_actual,pendiente_por_dia,r2,n_puntos,estado,dias_a_alerta,dias_a_alarma,norma
MGB-71001,motor,5,vibracion_rms_mms,mm/s,4.535,0.01307,0.91,6,alarma,,,"ISO 20816-3 A2 (20-400 HP, H<315mm) base rígida"
XV-31967C,motor,2,vibracion_rms_mms,mm/s,5.779,0.01293,0.938,6,alarma,,,"ISO 20816-3 A2 (20-400 HP, H<315mm) base rígida"
MOV-10220,motor,8,vibracion_rms_mms,mm/s,5.485,0.01462,0.91,6,alarma,,,"ISO 20816-3 A2 (20-400 HP, H<315mm) base rígida"
TG_300_88BT-1,motor,8,vibracion_rms_mms,mm/s,5.263,0.01342,0.79,6,alarma,,,"ISO 20816-3 A2 (20-400 HP, H<315mm) base rígida"
XV-31908E,motor,2,vibracion_rms_mms,mm/s,5.014,0.0118,0.709,6,alarma,,,"ISO 20816-3 A2 (20-400 HP, H<315mm) base rígida"
GBM-79001,motor,5,vibracion_rms_mms,mm/s,5.039,0.01348,0.845,6,alarma,,,"ISO 20816-3 A2 (20-400 HP, H<315mm) base rígida"
M-GA-89025,motor,7,vibracion_rms_mms,mm/s,5.655,0.01661,0.918,6,alarma,,,"ISO 20816-3 A2 (20-400 HP, H<315mm) base rígida"
CCM-151-04 BUS A,ccm,2,THD_I_pct,%,15.806,0.03245,0.596,6,alarma,,,IEEE 519 (aplicar tabla por PCC según ISC/IL)
MSPE-61002-BD01A,motor,5,vibracion_rms_mms,mm/s,4.629,0.01109,0.762,6,alarma,,,"ISO 20816-3 A2 (20-400 HP, H<315mm) base rígida"
MOV-40003,motor,4,vibracion_rms_mms,mm/s,6.423,0.02141,0.954,6,alarma,,,"ISO 20816-3 A2 (20-400 HP, H<315mm) base rígida"
CCM-09-03 BUS B,ccm,6,THD_I_pct,%,14.485,0.03988,0.893,6,normal,13,13,IEEE 519 (aplicar tabla por PCC según ISC/IL)
CCM-151-04 BUS A,ccm,2,THD_V_pct,%,7.629,0.02019,0.9,6,normal,18,18,IEEE 519-2022 Tbl 1 (BT V≤1kV)
XV-22962,motor,3,vibracion_rms_mms,mm/s,4.03,0.00924,0.634,6,normal,51,51,"ISO 20816-3 A2 (20-400 HP, H<315mm) base rígida"
SPE-21012-BV03 D,arrancador,3,delta_t_c,°C,11.532,0.0511,0.898,6,normal,68,68,NFPA 70B / NETA MTS · contactor y protector
CCM-09-03 BUS B,ccm,6,THD_V_pct,%,6.271,0.02125,0.761,6,normal,81,81,IEEE 519-2022 Tbl 1 (BT V≤1kV)
TG_300_88BT-1,motor,8,IP,—,1.976,-0.0107,0.989,6,alerta,,91,"IEEE 43-2013 (<1 peligroso, 1-2 cuestionable, 2-4 aceptable, >4 excelente); interpretación inversa"
GBM-79001,motor,5,IP,—,1.766,-0.00813,0.9,6,alerta,,94,"IEEE 43-2013 (<1 peligroso, 1-2 cuestionable, 2-4 aceptable, >4 excelente); interpretación inversa"
XV-31904D,motor,2,IP,—,1.875,-0.00913,0.932,6,alerta,,96,"IEEE 43-2013 (<1 peligroso, 1-2 cuestionable, 2-4 aceptable, >4 excelente); interpretación inversa"
XV-31908E,motor,2,IP,—,1.931,-0.0083,0.84,6,alerta,,112,"IEEE 43-2013 (<1 peligroso, 1-2 cuestionable, 2-4 aceptable, >4 excelente); interpretación inversa"
IE-02 ACOM TDBT-18-1-03 B,interruptor,8,delta_t_c,°C,11.412,0.03033,0.74,6,normal,118,118,NFPA 70B; NETA MTS Tbl 100.18
MSPE-61002-BD01A,motor,5,IP,—,1.945,-0.00754,0.99,6,alerta,,125,"IEEE 43-2013 (<1 peligroso, 1-2 cuestionable, 2-4 aceptable, >4 excelente); interpretación inversa"
MGB-71001,motor,5,IP,—,2.057,-0.00827,0.941,6,alerta,,128,"IEEE 43-2013 (<1 peligroso, 1-2 cuestionable, 2-4 aceptable, >4 excelente); interpretación inversa"
XV-31967C,motor,2,IP,—,2.148,-0.00835,0.97,6,alerta,,137,"IEEE 43-2013 (<1 peligroso, 1-2 cuestionable, 2-4 aceptable, >4 excelente); interpretación inversa"
MOV-10220,motor,8,IP,—,1.973,-0.00708,0.858,6,alerta,,137,"IEEE 43-2013 (<1 peligroso, 1-2 cuestionable, 2-4 aceptable, >4 excelente); interpretación inversa"
M-GA-89025,motor,7,IP,—,2.164,-0.00826,0.849,6,alerta,,141,"IEEE 43-2013 (<1 peligroso, 1-2 cuestionable, 2-4 aceptable, >4 excelente); interpretación inversa"
XV-22962,motor,3,IP,—,2.034,-0.00683,0.802,6,alerta,,151,"IEEE 43-2013 (<1 peligroso, 1-2 cuestionable, 2-4 aceptable, >4 excelente); interpretación inversa"
IE-CCM201-10B,interruptor,7,delta_t_c,°C,9.106,0.03588,0.745,6,normal,164,164,NFPA 70B; NETA MTS Tbl 100.18
MOV-40003,motor,4,IP,—,2.266,-0.00738,0.944,6,alerta,,171,"IEEE 43-2013 (<1 peligroso, 1-2 cuestionable, 2-4 aceptable, >4 excelente); interpretación inversa"
TR-121-01,transformador_seco,1,temp_max_c,°C,123.589,0.18018,0.93,6,normal,36,174,IEEE C57.12.01 aislamiento clase F
TR-12-01,transformador_seco,1,temp_max_c,°C,123.917,0.17325,0.98,6,normal,35,179,IEEE C57.12.01 aislamiento clase F
TR-12-02,transformador_seco,1,temp_max_c,°C,123.154,0.17734,0.955,6,normal,39,180,IEEE C57.12.01 aislamiento clase F
XV-31904D,motor,2,vibracion_rms_mms,mm/s,3.542,0.00529,0.291,6,normal,181,181,"ISO 20816-3 A2 (20-400 HP, H<315mm) base rígida"
TDM-151-01 BUS A,tablero,2,delta_t_c,°C,10.161,0.02654,0.935,6,normal,182,182,NFPA 70B; NETA MTS Tbl 100.18 (ΔT>15°C deficiencia mayor)
TR-02-12,transformador_seco,8,temp_max_c,°C,122.452,0.17186,0.889,6,normal,44,189,IEEE C57.12.01 aislamiento clase F
TR-15-01,transformador_seco,2,temp_max_c,°C,120.759,0.18061,0.933,6,normal,51,190,IEEE C57.12.01 aislamiento clase F
TR-25-01,transformador_seco,8,temp_max_c,°C,122.898,0.1581,0.924,6,normal,45,203,IEEE C57.12.01 aislamiento clase F
XV-31904D,motor,2,R_aislamiento_MOhm,MΩ,919.621,-4.03812,0.932,6,alerta,,203,IEEE 43-2013 mínimo (kV+1) para máquinas <1970; 100 MΩ para post-1970
TDM18-IP-12 B   BC-18-02,interruptor,8,delta_t_c,°C,8.304,0.0323,0.832,6,normal,207,207,NFPA 70B; NETA MTS Tbl 100.18
TR-15-02,transformador_seco,2,temp_max_c,°C,117.341,0.17326,0.829,6,normal,73,217,IEEE C57.12.01 aislamiento clase F
TDM18-IP-05 A ALI SE-18-1,interruptor,8,delta_t_c,°C,8.302,0.02956,0.781,6,normal,227,227,NFPA 70B; NETA MTS Tbl 100.18
MSPE-61002-BD01A,motor,5,R_aislamiento_MOhm,MΩ,1001.796,-3.33427,0.801,6,alerta,,270,IEEE 43-2013 mínimo (kV+1) para máquinas <1970; 100 MΩ para post-1970
71-TR-101 A,transformador_seco,5,temp_max_c,°C,120.179,0.12818,0.788,6,normal,77,272,IEEE C57.12.01 aislamiento clase F
88QV-1A-300,arrancador,8,delta_t_c,°C,7.226,0.02844,0.668,6,normal,273,273,NFPA 70B / NETA MTS · contactor y protector
ECM-11104AA,arrancador,1,delta_t_c,°C,6.664,0.02895,0.779,6,normal,288,288,NFPA 70B / NETA MTS · contactor y protector
XV-22962,motor,3,R_aislamiento_MOhm,MΩ,1106.483,-3.4523,0.95,6,alerta,,292,IEEE 43-2013 mínimo (kV+1) para máquinas <1970; 100 MΩ para post-1970
XV-31908E,motor,2,R_aislamiento_MOhm,MΩ,1127.513,-3.33688,0.781,6,alerta,,308,IEEE 43-2013 mínimo (kV+1) para máquinas <1970; 100 MΩ para post-1970
ME-03603 A,arrancador,8,delta_t_c,°C,5.1,0.03076,0.874,6,normal,322,322,NFPA 70B / NETA MTS · contactor y protector
GBM-79001,motor,5,R_aislamiento_MOhm,MΩ,1083.612,-2.95045,0.894,6,alerta,,333,IEEE 43-2013 mínimo (kV+1) para máquinas <1970; 100 MΩ para post-1970
M-GA-89033C,arrancador,7,delta_t_c,°C,6.416,0.02569,0.774,6,normal,334,334,NFPA 70B / NETA MTS · contactor y protector
MGA-90009 B,arrancador,7,delta_t_c,°C,7.277,0.02312,0.936,6,normal,334,334,NFPA 70B / NETA MTS · contactor y protector
52-18-1-009  TR-181-02A-2,interruptor,8,delta_t_c,°C,5.513,0.02769,0.879,6,normal,343,343,NFPA 70B; NETA MTS Tbl 100.18
M-GA-89025,motor,7,R_aislamiento_MOhm,MΩ,1010.002,-2.45574,0.784,6,alerta,,371,IEEE 43-2013 mínimo (kV+1) para máquinas <1970; 100 MΩ para post-1970
IV-22 INT. PARO SEGURO,interruptor,2,delta_t_c,°C,5.937,0.02441,0.735,6,normal,371,371,NFPA 70B; NETA MTS Tbl 100.18
MOV-10220,motor,8,R_aislamiento_MOhm,MΩ,1106.856,-2.62096,0.942,6,alerta,,384,IEEE 43-2013 mínimo (kV+1) para máquinas <1970; 100 MΩ para post-1970
MOV-40003,motor,4,R_aislamiento_MOhm,MΩ,977.197,-2.28133,0.819,6,alerta,,385,IEEE 43-2013 mínimo (kV+1) para máquinas <1970; 100 MΩ para post-1970
IEB-104 62-TR-303 B,interruptor,5,delta_t_c,°C,5.357,0.02452,0.613,6,normal,393,393,NFPA 70B; NETA MTS Tbl 100.18
TR-216-04,transformador_seco,8,temp_max_c,°C,112.805,0.10672,0.968,6,normal,161,395,IEEE C57.12.01 aislamiento clase F
XV-31967C,motor,2,R_aislamiento_MOhm,MΩ,1147.699,-2.61537,0.815,6,alerta,,401,IEEE 43-2013 mínimo (kV+1) para máquinas <1970; 100 MΩ para post-1970
MGB-71001,motor,5,R_aislamiento_MOhm,MΩ,1125.192,-2.55174,0.847,6,alerta,,402,IEEE 43-2013 mínimo (kV+1) para máquinas <1970; 100 MΩ para post-1970
TG_300_88BT-1,motor,8,R_aislamiento_MOhm,MΩ,924.556,-2.00444,0.671,6,alerta,,411,IEEE 43-2013 mínimo (kV+1) para máquinas <1970; 100 MΩ para post-1970
GBM-31001,arrancador,2,delta_t_c,°C,6.527,0.02036,0.78,6,normal,416,416,NFPA 70B / NETA MTS · contactor y protector
GB-71002-BH02 A,arrancador,5,delta_t_c,°C,4.934,0.02309,0.817,6,normal,436,436,NFPA 70B / NETA MTS · contactor y protector
ECM-11210CB,arrancador,1,delta_t_c,°C,5.536,0.0214,0.792,6,normal,442,442,NFPA 70B / NETA MTS · contactor y protector
21-TR-101B,transformador_seco,3,temp_max_c,°C,112.217,0.09362,0.775,6,normal,190,457,IEEE C57.12.01 aislamiento clase F
MEC-71002 D,arrancador,5,delta_t_c,°C,4.733,0.02166,0.864,6,normal,474,474,NFPA 70B / NETA MTS · contactor y protector
ECM-73001 BB,arrancador,4,delta_t_c,°C,5.202,0.02048,0.937,6,normal,478,478,NFPA 70B / NETA MTS · contactor y protector
M-GA-89025,motor,7,temp_max_c,°C,102.305,0.10745,0.55,6,normal,304,490,"AJUSTE_TEMP_MOTORES_R1 · Clase F, medición RTD"
TR-16-02,transformador_seco,8,temp_max_c,°C,105.8,0.09951,0.864,6,normal,243,494,IEEE C57.12.01 aislamiento clase F
MEC-61002 K,arrancador,5,delta_t_c,°C,7.66,0.01455,0.558,6,normal,504,504,NFPA 70B / NETA MTS · contactor y protector
TR-15-03,transformador_seco,2,temp_max_c,°C,111.698,0.08474,0.754,6,normal,216,511,IEEE C57.12.01 aislamiento clase F
MGA-90002 C,arrancador,7,delta_t_c,°C,5.295,0.0189,0.873,6,normal,513,513,NFPA 70B / NETA MTS · contactor y protector
XV-31967C,motor,2,temp_max_c,°C,100.92,0.10432,0.747,6,normal,327,518,"AJUSTE_TEMP_MOTORES_R1 · Clase F, medición RTD"
M-BR-89003A,arrancador,7,delta_t_c,°C,3.994,0.02064,0.724,6,normal,533,533,NFPA 70B / NETA MTS · contactor y protector
XV-31904D,motor,2,temp_max_c,°C,101.635,0.10018,0.668,6,normal,333,533,"AJUSTE_TEMP_MOTORES_R1 · Clase F, medición RTD"
TR-ANR-01,transformador_seco,8,temp_max_c,°C,108.358,0.08719,0.912,6,normal,248,535,IEEE C57.12.01 aislamiento clase F
52-TR-302 A,transformador_seco,4,temp_max_c,°C,107.53,0.08816,0.85,6,normal,255,538,IEEE C57.12.01 aislamiento clase F
TR-17-01,transformador_seco,8,temp_max_c,°C,107.725,0.08445,0.76,6,normal,264,560,IEEE C57.12.01 aislamiento clase F
GAM-31010A,arrancador,2,delta_t_c,°C,3.731,0.02002,0.608,6,normal,563,563,NFPA 70B / NETA MTS · contactor y protector
MGA-88103,arrancador,6,delta_t_c,°C,4.427,0.01728,0.699,6,normal,612,612,NFPA 70B / NETA MTS · contactor y protector
TG_300_88BT-1,motor,8,temp_max_c,°C,103.81,0.08112,0.622,6,normal,385,631,"AJUSTE_TEMP_MOTORES_R1 · Clase F, medición RTD"
TR-25-02,transformador_seco,8,temp_max_c,°C,105.096,0.07864,0.589,6,normal,317,635,IEEE C57.12.01 aislamiento clase F
TR-02-11,transformador_seco,8,temp_max_c,°C,101.311,0.07857,0.786,6,normal,365,683,IEEE C57.12.01 aislamiento clase F
TR-121-02,transformador_seco,1,temp_max_c,°C,108.146,0.0677,0.738,6,normal,323,692,IEEE C57.12.01 aislamiento clase F
TR-19-01,transformador_seco,8,temp_max_c,°C,110.714,0.06364,0.859,6,normal,303,696,IEEE C57.12.01 aislamiento clase F
TR-17-02,transformador_seco,8,temp_max_c,°C,106.95,0.06816,0.762,6,normal,338,705,IEEE C57.12.01 aislamiento clase F
MOV-40003,motor,4,temp_max_c,°C,94.873,0.08415,0.82,6,normal,477,715,"AJUSTE_TEMP_MOTORES_R1 · Clase F, medición RTD"
TR-15-04,transformador_seco,2,temp_max_c,°C,103.395,0.07186,0.632,6,normal,370,718,IEEE C57.12.01 aislamiento clase F
MSPE-52001-BD01B,arrancador,4,delta_t_c,°C,4.286,0.0138,0.725,6,normal,776,776,NFPA 70B / NETA MTS · contactor y protector
TR-18-02,transformador_seco,8,temp_max_c,°C,105.688,0.06091,0.784,6,normal,399,810,IEEE C57.12.01 aislamiento clase F
71-TR-101 B,transformador_seco,5,temp_max_c,°C,102.732,0.06137,0.669,6,normal,444,852,IEEE C57.12.01 aislamiento clase F
TR-18-01,transformador_seco,8,temp_max_c,°C,104.402,0.0557,0.512,6,normal,460,908,IEEE C57.12.01 aislamiento clase F
MOV-10220,motor,8,desbalance_i_pct,%,2.41,0.00835,0.475,6,normal,909,909,NEMA MG-1 §14.35 — >10% no operar sin derateo (aplica con carga >20% nominal)
TG_300_88BT-1,motor,8,desbalance_i_pct,%,2.239,0.00846,0.268,6,normal,917,917,NEMA MG-1 §14.35 — >10% no operar sin derateo (aplica con carga >20% nominal)
MSPE-61002-BD01A,motor,5,temp_max_c,°C,92.05,0.06216,0.832,6,normal,691,1013,"AJUSTE_TEMP_MOTORES_R1 · Clase F, medición RTD"
GAM-23003 B,arrancador,3,delta_t_c,°C,4.921,0.00988,0.358,6,normal,1021,1021,NFPA 70B / NETA MTS · contactor y protector
XV-22962,motor,3,temp_max_c,°C,101.736,0.05189,0.909,6,normal,641,1026,"AJUSTE_TEMP_MOTORES_R1 · Clase F, medición RTD"
ECM-31104E-A,arrancador,2,delta_t_c,°C,4.606,0.00946,0.513,6,normal,1099,1099,NFPA 70B / NETA MTS · contactor y protector
GBM-79001,motor,5,temp_max_c,°C,91.765,0.05726,0.496,6,normal,755,1104,"AJUSTE_TEMP_MOTORES_R1 · Clase F, medición RTD"
TR-16-01,transformador_seco,8,temp_max_c,°C,104.259,0.04503,0.297,6,normal,572,1127,IEEE C57.12.01 aislamiento clase F
MGB-71001,motor,5,temp_max_c,°C,89.416,0.05818,0.351,6,normal,784,1127,"AJUSTE_TEMP_MOTORES_R1 · Clase F, medición RTD"
TR-14-01,transformador_seco,3,temp_max_c,°C,97.645,0.05003,0.419,6,normal,647,1146,IEEE C57.12.01 aislamiento clase F
MOV-10220,motor,8,temp_max_c,°C,99.275,0.04837,0.643,6,normal,739,1152,"AJUSTE_TEMP_MOTORES_R1 · Clase F, medición RTD"
XV-31908E,motor,2,temp_max_c,°C,88.595,0.05585,0.401,6,normal,831,1189,"AJUSTE_TEMP_MOTORES_R1 · Clase F, medición RTD"
MBC-61001 B,arrancador,5,delta_t_c,°C,5.211,0.00794,0.235,6,normal,1234,1234,NFPA 70B / NETA MTS · contactor y protector
21-TR-101A,transformador_seco,3,temp_max_c,°C,103.171,0.04139,0.472,6,normal,648,1252,IEEE C57.12.01 aislamiento clase F
XV-31908E,motor,2,desbalance_i_pct,%,2.294,0.00593,0.081,6,normal,1299,1299,NEMA MG-1 §14.35 — >10% no operar sin derateo (aplica con carga >20% nominal)
TR-19-03,transformador_seco,8,temp_max_c,°C,100.288,0.0363,0.779,6,normal,818,1507,IEEE C57.12.01 aislamiento clase F
TR-19-02,transformador_seco,8,temp_max_c,°C,103.629,0.03377,0.394,6,normal,781,1521,IEEE C57.12.01 aislamiento clase F
MGB-71001,motor,5,desbalance_v_pct,%,0.157,0.00115,0.246,6,normal,1602,1602,NEMA MG-1 §14.36 (<1% ideal; <2% límite operacional)
MOV-40003,motor,4,desbalance_v_pct,%,0.229,0.00101,0.128,6,normal,1750,1750,NEMA MG-1 §14.36 (<1% ideal; <2% límite operacional)
MSPE-61002-BD01A,motor,5,desbalance_v_pct,%,0.261,0.00089,0.341,6,normal,1953,1953,NEMA MG-1 §14.36 (<1% ideal; <2% límite operacional)
TR-14-02,transformador_seco,3,temp_max_c,°C,103.862,0.02218,0.136,6,normal,1178,2306,IEEE C57.12.01 aislamiento clase F
TR-19-04,transformador_seco,8,temp_max_c,°C,107.202,0.01866,0.394,6,normal,1222,2562,IEEE C57.12.01 aislamiento clase F
TG_300_88BT-1,motor,8,desbalance_v_pct,%,0.354,0.00056,0.055,6,normal,2962,2962,NEMA MG-1 §14.36 (<1% ideal; <2% límite operacional)
XV-31967C,motor,2,desbalance_i_pct,%,0.438,0.00088,0.007,6,normal,10884,10884,NEMA MG-1 §14.35 — >10% no operar sin derateo (aplica con carga >20% nominal)
XV-31908E,motor,2,desbalance_v_pct,%,0.104,0.0001,0.001,6,normal,19110,19110,NEMA MG-1 §14.36 (<1% ideal; <2% límite operacional)
TR-SEP01-01A,transformador,8,temp_max_c,,72.928,0.01778,0.245,6,sin_ventana,,,
TR-SEP01-01A,transformador,8,delta_t_c,,3.91,0.02504,0.769,6,sin_ventana,,,
TR-SEP01-01A,transformador,8,IP,,3.214,-0.00351,0.621,6,sin_ventana,,,
TR-SEP01-01A,transformador,8,R_aislamiento_MOhm,,2226.315,-4.90474,0.907,6,sin_ventana,,,
TR-SEP01-01A,transformador,8,desbalance_i_pct,,1.081,0.00575,0.128,6,sin_ventana,,,
TR-SEP01-01A,transformador,8,desbalance_v_pct,,0.023,-0.00183,0.467,6,sin_ventana,,,
TR-GTG1,transformador,8,temp_max_c,,69.057,0.01823,0.268,6,sin_ventana,,,
TR-GTG1,transformador,8,delta_t_c,,5.146,0.00698,0.108,6,sin_ventana,,,
TR-GTG1,transformador,8,IP,,2.921,-0.00436,0.823,6,sin_ventana,,,
TR-GTG1,transformador,8,R_aislamiento_MOhm,,2623.122,-3.44925,0.725,6,sin_ventana,,,
TR-GTG1,transformador,8,desbalance_i_pct,,2.693,0.01368,0.441,6,sin_ventana,,,
TR-GTG1,transformador,8,desbalance_v_pct,,0.062,-0.00012,0.002,6,sin_ventana,,,
TR-SEP01-01B,transformador,8,temp_max_c,,83.172,0.11147,0.821,6,sin_ventana,,,
TR-SEP01-01B,transformador,8,delta_t_c,,9.198,0.05436,0.957,6,sin_ventana,,,
TR-SEP01-01B,transformador,8,IP,,1.573,-0.01116,0.992,6,sin_ventana,,,
TR-SEP01-01B,transformador,8,R_aislamiento_MOhm,,1389.556,-11.06485,0.963,6,sin_ventana,,,
TR-SEP01-01B,transformador,8,desbalance_i_pct,,1.085,-0.0274,0.618,6,sin_ventana,,,
TR-SEP01-01B,transformador,8,desbalance_v_pct,,1.179,0.00034,0.005,6,sin_ventana,,,
TR-SEP02-02,transformador,8,temp_max_c,,71.758,0.03608,0.765,6,sin_ventana,,,
TR-SEP02-02,transformador,8,delta_t_c,,3.087,0.01278,0.197,6,sin_ventana,,,
TR-SEP02-02,transformador,8,IP,,2.855,-0.00396,0.918,6,sin_ventana,,,
TR-SEP02-02,transformador,8,R_aislamiento_MOhm,,2292.295,-3.51257,0.889,6,sin_ventana,,,
TR-SEP02-02,transformador,8,desbalance_i_pct,,2.569,0.00312,0.119,6,sin_ventana,,,
TR-SEP02-02,transformador,8,desbalance_v_pct,,0.197,-0.00205,0.476,6,sin_ventana,,,
TR-SEP02-01,transformador,8,temp_max_c,,87.499,0.13537,0.912,6,sin_ventana,,,
TR-SEP02-01,transformador,8,delta_t_c,,8.568,0.04668,0.946,6,sin_ventana,,,
TR-SEP02-01,transformador,8,IP,,1.938,-0.01139,0.985,6,sin_ventana,,,
TR-SEP02-01,transformador,8,R_aislamiento_MOhm,,1497.309,-9.92941,0.936,6,sin_ventana,,,
TR-SEP02-01,transformador,8,desbalance_i_pct,,5.833,-0.00605,0.015,6,sin_ventana,,,
TR-SEP02-01,transformador,8,desbalance_v_pct,,1.081,0.00024,0.003,6,sin_ventana,,,
TR-STG1,transformador,8,temp_max_c,,73.468,0.03399,0.554,6,sin_ventana,,,
TR-STG1,transformador,8,delta_t_c,,2.744,0.00804,0.491,6,sin_ventana,,,
TR-STG1,transformador,8,IP,,3.05,-0.00424,0.774,6,sin_ventana,,,
TR-STG1,transformador,8,R_aislamiento_MOhm,,2442.252,-4.47111,0.973,6,sin_ventana,,,
TR-STG1,transformador,8,desbalance_i_pct,,0.386,-0.01418,0.699,6,sin_ventana,,,
TR-STG1,transformador,8,desbalance_v_pct,,0.103,-0.002,0.522,6,sin_ventana,,,
TR-GTG3,transformador,8,temp_max_c,,68.469,0.02343,0.141,6,sin_ventana,,,
TR-GTG3,transformador,8,delta_t_c,,4.598,0.01751,0.464,6,sin_ventana,,,
TR-GTG3,transformador,8,IP,,2.59,-0.00483,0.865,6,sin_ventana,,,
TR-GTG3,transformador,8,R_aislamiento_MOhm,,2577.689,-3.81041,0.953,6,sin_ventana,,,
TR-GTG3,transformador,8,desbalance_i_pct,,1.608,-0.0058,0.127,6,sin_ventana,,,
TR-GTG3,transformador,8,desbalance_v_pct,,0.035,0.00047,0.054,6,sin_ventana,,,
TR-GTG2,transformador,8,temp_max_c,,77.299,0.02266,0.354,6,sin_ventana,,,
TR-GTG2,transformador,8,delta_t_c,,4.294,0.00591,0.231,6,sin_ventana,,,
TR-GTG2,transformador,8,IP,,2.743,-0.00561,0.991,6,sin_ventana,,,
TR-GTG2,transformador,8,R_aislamiento_MOhm,,2450.129,-3.98535,0.93,6,sin_ventana,,,
TR-GTG2,transformador,8,desbalance_i_pct,,1.036,0.00867,0.363,6,sin_ventana,,,
TR-GTG2,transformador,8,desbalance_v_pct,,0.371,-0.00071,0.212,6,sin_ventana,,,
TR-SEP02-08,transformador,8,temp_max_c,,70.759,0.04464,0.769,6,sin_ventana,,,
TR-SEP02-08,transformador,8,delta_t_c,,2.819,0.00443,0.219,6,sin_ventana,,,
TR-SEP02-08,transformador,8,IP,,2.769,-0.00279,0.583,6,sin_ventana,,,
TR-SEP02-08,transformador,8,R_aislamiento_MOhm,,2208.791,-4.74918,0.881,6,sin_ventana,,,
TR-SEP02-08,transformador,8,desbalance_i_pct,,1.526,-0.0015,0.01,6,sin_ventana,,,
TR-SEP02-08,transformador,8,desbalance_v_pct,,0.366,0.00173,0.533,6,sin_ventana,,,
TR-SEP02-07,transformador,8,temp_max_c,,70.248,0.0674,0.676,6,sin_ventana,,,
TR-SEP02-07,transformador,8,delta_t_c,,2.337,0.01451,0.583,6,sin_ventana,,,
TR-SEP02-07,transformador,8,IP,,2.747,-0.00478,0.923,6,sin_ventana,,,
TR-SEP02-07,transformador,8,R_aislamiento_MOhm,,2194.903,-4.51664,0.768,6,sin_ventana,,,
TR-SEP02-07,transformador,8,desbalance_i_pct,,2.799,0.00508,0.13,6,sin_ventana,,,
TR-SEP02-07,transformador,8,desbalance_v_pct,,0.321,0.0013,0.655,6,sin_ventana,,,
TR-SEP02-06,transformador,8,temp_max_c,,77.112,0.05551,0.721,6,sin_ventana,,,
TR-SEP02-06,transformador,8,delta_t_c,,6.212,0.01699,0.762,6,sin_ventana,,,
TR-SEP02-06,transformador,8,IP,,2.827,-0.00577,0.988,6,sin_ventana,,,
TR-SEP02-06,transformador,8,R_aislamiento_MOhm,,2295.943,-3.90858,0.951,6,sin_ventana,,,
TR-SEP02-06,transformador,8,desbalance_i_pct,,1.996,0.00588,0.231,6,sin_ventana,,,
TR-SEP02-06,transformador,8,desbalance_v_pct,,0.133,0.0003,0.021,6,sin_ventana,,,
TR-SEP02-05,transformador,8,temp_max_c,,65.568,0.01883,0.26,6,sin_ventana,,,
TR-SEP02-05,transformador,8,delta_t_c,,5.04,0.02136,0.895,6,sin_ventana,,,
TR-SEP02-05,transformador,8,IP,,2.535,-0.00465,0.73,6,sin_ventana,,,
TR-SEP02-05,transformador,8,R_aislamiento_MOhm,,2391.481,-3.59855,0.889,6,sin_ventana,,,
TR-SEP02-05,transformador,8,desbalance_i_pct,,0.397,0.00558,0.105,6,sin_ventana,,,
TR-SEP02-05,transformador,8,desbalance_v_pct,,0.019,-0.00337,0.922,6,sin_ventana,,,
TR-SEP02-04,transformador,8,temp_max_c,,76.648,0.05717,0.842,6,sin_ventana,,,
TR-SEP02-04,transformador,8,delta_t_c,,5.527,0.01481,0.724,6,sin_ventana,,,
TR-SEP02-04,transformador,8,IP,,2.776,-0.00508,0.948,6,sin_ventana,,,
TR-SEP02-04,transformador,8,R_aislamiento_MOhm,,2446.141,-3.22322,0.792,6,sin_ventana,,,
TR-SEP02-04,transformador,8,desbalance_i_pct,,2.662,0.00196,0.01,6,sin_ventana,,,
TR-SEP02-04,transformador,8,desbalance_v_pct,,0.065,-8e-05,0.002,6,sin_ventana,,,
TR-SEP02-03,transformador,8,temp_max_c,,78.797,0.04803,0.649,6,sin_ventana,,,
TR-SEP02-03,transformador,8,delta_t_c,,6.078,0.02892,0.685,6,sin_ventana,,,
TR-SEP02-03,transformador,8,IP,,3.097,-0.00384,0.676,6,sin_ventana,,,
TR-SEP02-03,transformador,8,R_aislamiento_MOhm,,2292.805,-3.90544,0.776,6,sin_ventana,,,
TR-SEP02-03,transformador,8,desbalance_i_pct,,2.252,-0.0007,0.002,6,sin_ventana,,,
TR-SEP02-03,transformador,8,desbalance_v_pct,,0.192,-0.0006,0.089,6,sin_ventana,,,
TR-SEP01-04B,transformador,8,temp_max_c,,77.091,0.06831,0.952,6,sin_ventana,,,
TR-SEP01-04B,transformador,8,delta_t_c,,5.26,0.03183,0.919,6,sin_ventana,,,
TR-SEP01-04B,transformador,8,IP,,2.885,-0.00407,0.936,6,sin_ventana,,,
TR-SEP01-04B,transformador,8,R_aislamiento_MOhm,,2136.341,-4.77453,0.893,6,sin_ventana,,,
TR-SEP01-04B,transformador,8,desbalance_i_pct,,0.53,0.00814,0.244,6,sin_ventana,,,
TR-SEP01-04B,transformador,8,desbalance_v_pct,,0.486,0.00154,0.238,6,sin_ventana,,,
TR-SEP01-04A,transformador,8,temp_max_c,,76.931,0.03248,0.838,6,sin_ventana,,,
TR-SEP01-04A,transformador,8,delta_t_c,,4.719,0.0293,0.931,6,sin_ventana,,,
TR-SEP01-04A,transformador,8,IP,,2.865,-0.00445,0.864,6,sin_ventana,,,
TR-SEP01-04A,transformador,8,R_aislamiento_MOhm,,2384.047,-4.79539,0.939,6,sin_ventana,,,
TR-SEP01-04A,transformador,8,desbalance_i_pct,,1.134,-0.00014,0.0,6,sin_ventana,,,
TR-SEP01-04A,transformador,8,desbalance_v_pct,,0.01,-0.00076,0.059,6,sin_ventana,,,
TR-SEP01-03B,transformador,8,temp_max_c,,75.516,0.06314,0.8,6,sin_ventana,,,
TR-SEP01-03B,transformador,8,delta_t_c,,5.971,0.01482,0.434,6,sin_ventana,,,
TR-SEP01-03B,transformador,8,IP,,2.814,-0.0048,0.894,6,sin_ventana,,,
TR-SEP01-03B,transformador,8,R_aislamiento_MOhm,,2478.501,-2.95753,0.784,6,sin_ventana,,,
TR-SEP01-03B,transformador,8,desbalance_i_pct,,0.305,0.00167,0.011,6,sin_ventana,,,
TR-SEP01-03B,transformador,8,desbalance_v_pct,,0.478,-0.00035,0.013,6,sin_ventana,,,
TR-SEP01-03A,transformador,8,temp_max_c,,75.905,0.04526,0.427,6,sin_ventana,,,
TR-SEP01-03A,transformador,8,delta_t_c,,7.284,0.03225,0.866,6,sin_ventana,,,
TR-SEP01-03A,transformador,8,IP,,2.706,-0.00569,0.885,6,sin_ventana,,,
TR-SEP01-03A,transformador,8,R_aislamiento_MOhm,,2451.298,-4.78035,0.909,6,sin_ventana,,,
TR-SEP01-03A,transformador,8,desbalance_i_pct,,1.0,-0.00655,0.546,6,sin_ventana,,,
TR-SEP01-03A,transformador,8,desbalance_v_pct,,0.401,0.00158,0.222,6,sin_ventana,,,
TR-SEP01-02B,transformador,8,temp_max_c,,73.099,0.02761,0.33,6,sin_ventana,,,
TR-SEP01-02B,transformador,8,delta_t_c,,5.139,0.01909,0.759,6,sin_ventana,,,
TR-SEP01-02B,transformador,8,IP,,3.237,-0.00495,0.845,6,sin_ventana,,,
TR-SEP01-02B,transformador,8,R_aislamiento_MOhm,,2588.066,-3.11521,0.694,6,sin_ventana,,,
TR-SEP01-02B,transformador,8,desbalance_i_pct,,2.611,0.00409,0.046,6,sin_ventana,,,
TR-SEP01-02B,transformador,8,desbalance_v_pct,,0.015,-0.00074,0.048,6,sin_ventana,,,
TR-SEP01-02A,transformador,8,temp_max_c,,76.212,0.0652,0.788,6,sin_ventana,,,
TR-SEP01-02A,transformador,8,delta_t_c,,2.463,0.01873,0.757,6,sin_ventana,,,
TR-SEP01-02A,transformador,8,IP,,2.96,-0.0047,0.83,6,sin_ventana,,,
TR-SEP01-02A,transformador,8,R_aislamiento_MOhm,,2355.475,-2.92682,0.786,6,sin_ventana,,,
TR-SEP01-02A,transformador,8,desbalance_i_pct,,0.94,-0.00517,0.176,6,sin_ventana,,,
TR-SEP01-02A,transformador,8,desbalance_v_pct,,0.321,-0.00127,0.231,6,sin_ventana,,,
TR-19-02,transformador_seco,8,delta_t_c,,4.617,0.0125,0.805,6,sin_ventana,,,
TR-19-02,transformador_seco,8,desbalance_i_pct,,0.585,-0.00458,0.224,6,sin_ventana,,,
TR-19-02,transformador_seco,8,desbalance_v_pct,,0.376,0.00132,0.119,6,sin_ventana,,,
TR-19-01,transformador_seco,8,delta_t_c,,6.771,0.03331,0.905,6,sin_ventana,,,
TR-19-01,transformador_seco,8,desbalance_i_pct,,1.017,-0.00416,0.17,6,sin_ventana,,,
TR-19-01,transformador_seco,8,desbalance_v_pct,,0.18,-0.001,0.312,6,sin_ventana,,,
TR-02-11,transformador_seco,8,delta_t_c,,6.096,0.02873,0.847,6,sin_ventana,,,
TR-02-11,transformador_seco,8,desbalance_i_pct,,1.951,-0.00498,0.084,6,sin_ventana,,,
TR-02-11,transformador_seco,8,desbalance_v_pct,,0.07,0.00035,0.009,6,sin_ventana,,,
TR-02-12,transformador_seco,8,delta_t_c,,13.038,0.06141,0.873,6,sin_ventana,,,
TR-02-12,transformador_seco,8,desbalance_i_pct,,3.494,-0.03368,0.53,6,sin_ventana,,,
TR-02-12,transformador_seco,8,desbalance_v_pct,,0.803,-0.00042,0.007,6,sin_ventana,,,
TR-25-02,transformador_seco,8,delta_t_c,,7.718,0.0227,0.363,6,sin_ventana,,,
TR-25-02,transformador_seco,8,desbalance_i_pct,,0.809,0.00054,0.002,6,sin_ventana,,,
TR-25-02,transformador_seco,8,desbalance_v_pct,,0.318,0.00098,0.196,6,sin_ventana,,,
TR-25-01,transformador_seco,8,delta_t_c,,11.097,0.05855,0.98,6,sin_ventana,,,
TR-25-01,transformador_seco,8,desbalance_i_pct,,7.398,0.02404,0.253,6,sin_ventana,,,
TR-25-01,transformador_seco,8,desbalance_v_pct,,1.174,0.00086,0.014,6,sin_ventana,,,
GBM-31001,arrancador,2,temp_max_c,,46.893,0.06501,0.98,6,sin_ventana,,,
GBM-31001,arrancador,2,desbalance_i_pct,,2.69,0.00413,0.109,6,sin_ventana,,,
GBM-31001,arrancador,2,desbalance_v_pct,,0.251,0.00039,0.019,6,sin_ventana,,,
TR-15-20,transformador,2,temp_max_c,,70.157,0.05808,0.624,6,sin_ventana,,,
TR-15-20,transformador,2,delta_t_c,,4.24,0.01287,0.824,6,sin_ventana,,,
TR-15-20,transformador,2,IP,,2.79,-0.00406,0.761,6,sin_ventana,,,
TR-15-20,transformador,2,R_aislamiento_MOhm,,2241.928,-5.41889,0.951,6,sin_ventana,,,
TR-15-20,transformador,2,desbalance_i_pct,,2.742,0.00504,0.098,6,sin_ventana,,,
TR-15-20,transformador,2,desbalance_v_pct,,0.206,0.00137,0.255,6,sin_ventana,,,
TR-16-02,transformador_seco,8,delta_t_c,,5.605,0.02532,0.681,6,sin_ventana,,,
TR-16-02,transformador_seco,8,desbalance_i_pct,,0.387,0.00194,0.009,6,sin_ventana,,,
TR-16-02,transformador_seco,8,desbalance_v_pct,,0.318,-0.00049,0.05,6,sin_ventana,,,
TR-16-01,transformador_seco,8,delta_t_c,,5.917,0.01803,0.553,6,sin_ventana,,,
TR-16-01,transformador_seco,8,desbalance_i_pct,,2.693,0.00882,0.455,6,sin_ventana,,,
TR-16-01,transformador_seco,8,desbalance_v_pct,,0.149,-0.00061,0.106,6,sin_ventana,,,
TR-SEP02-10,transformador,8,temp_max_c,,78.854,0.04002,0.337,6,sin_ventana,,,
TR-SEP02-10,transformador,8,delta_t_c,,4.338,0.02345,0.832,6,sin_ventana,,,
TR-SEP02-10,transformador,8,IP,,2.591,-0.00675,0.904,6,sin_ventana,,,
TR-SEP02-10,transformador,8,R_aislamiento_MOhm,,2384.057,-4.77895,0.993,6,sin_ventana,,,
TR-SEP02-10,transformador,8,desbalance_i_pct,,2.78,0.01515,0.584,6,sin_ventana,,,
TR-SEP02-10,transformador,8,desbalance_v_pct,,0.097,0.0006,0.04,6,sin_ventana,,,
TR-SEP02-09,transformador,8,temp_max_c,,88.888,0.1114,0.94,6,sin_ventana,,,
TR-SEP02-09,transformador,8,delta_t_c,,9.783,0.05859,0.936,6,sin_ventana,,,
TR-SEP02-09,transformador,8,IP,,1.556,-0.01222,0.991,6,sin_ventana,,,
TR-SEP02-09,transformador,8,R_aislamiento_MOhm,,1472.158,-9.78291,0.967,6,sin_ventana,,,
TR-SEP02-09,transformador,8,desbalance_i_pct,,0.253,-0.0231,0.316,6,sin_ventana,,,
TR-SEP02-09,transformador,8,desbalance_v_pct,,0.639,-0.00082,0.055,6,sin_ventana,,,
TR-SEP01-05B,transformador,8,temp_max_c,,75.178,0.05029,0.393,6,sin_ventana,,,
TR-SEP01-05B,transformador,8,delta_t_c,,6.641,0.02268,0.694,6,sin_ventana,,,
TR-SEP01-05B,transformador,8,IP,,2.95,-0.00513,0.849,6,sin_ventana,,,
TR-SEP01-05B,transformador,8,R_aislamiento_MOhm,,2458.413,-3.15986,0.849,6,sin_ventana,,,
TR-SEP01-05B,transformador,8,desbalance_i_pct,,1.148,-0.00664,0.376,6,sin_ventana,,,
TR-SEP01-05B,transformador,8,desbalance_v_pct,,0.288,-0.00128,0.359,6,sin_ventana,,,
TR-SEP01-05A,transformador,8,temp_max_c,,68.094,0.04478,0.267,6,sin_ventana,,,
TR-SEP01-05A,transformador,8,delta_t_c,,6.786,0.0266,0.912,6,sin_ventana,,,
TR-SEP01-05A,transformador,8,IP,,2.643,-0.00507,0.974,6,sin_ventana,,,
TR-SEP01-05A,transformador,8,R_aislamiento_MOhm,,2402.026,-3.35889,0.683,6,sin_ventana,,,
TR-SEP01-05A,transformador,8,desbalance_i_pct,,0.779,0.00233,0.017,6,sin_ventana,,,
TR-SEP01-05A,transformador,8,desbalance_v_pct,,0.392,0.00271,0.816,6,sin_ventana,,,
TR-12-02,transformador_seco,1,delta_t_c,,11.169,0.05993,0.854,6,sin_ventana,,,
TR-12-02,transformador_seco,1,desbalance_i_pct,,5.514,-0.0042,0.009,6,sin_ventana,,,
TR-12-02,transformador_seco,1,desbalance_v_pct,,0.257,-0.00184,0.151,6,sin_ventana,,,
TR-12-01,transformador_seco,1,delta_t_c,,13.811,0.07069,0.949,6,sin_ventana,,,
TR-12-01,transformador_seco,1,desbalance_i_pct,,6.572,0.02037,0.233,6,sin_ventana,,,
TR-12-01,transformador_seco,1,desbalance_v_pct,,0.931,0.00015,0.0,6,sin_ventana,,,
TR-121-02,transformador_seco,1,delta_t_c,,6.826,0.03131,0.9,6,sin_ventana,,,
TR-121-02,transformador_seco,1,desbalance_i_pct,,0.798,0.00835,0.24,6,sin_ventana,,,
TR-121-02,transformador_seco,1,desbalance_v_pct,,0.033,-0.00127,0.364,6,sin_ventana,,,
TR-121-01,transformador_seco,1,delta_t_c,,10.907,0.04825,0.92,6,sin_ventana,,,
TR-121-01,transformador_seco,1,desbalance_i_pct,,1.979,0.00451,0.012,6,sin_ventana,,,
TR-121-01,transformador_seco,1,desbalance_v_pct,,0.096,-0.00504,0.514,6,sin_ventana,,,
21-TR-101B,transformador_seco,3,delta_t_c,,8.412,0.04335,0.893,6,sin_ventana,,,
21-TR-101B,transformador_seco,3,desbalance_i_pct,,1.787,0.00878,0.292,6,sin_ventana,,,
21-TR-101B,transformador_seco,3,desbalance_v_pct,,0.057,-0.0006,0.028,6,sin_ventana,,,
21-TR-101A,transformador_seco,3,delta_t_c,,9.096,0.0492,0.847,6,sin_ventana,,,
21-TR-101A,transformador_seco,3,desbalance_i_pct,,1.56,-0.00603,0.249,6,sin_ventana,,,
21-TR-101A,transformador_seco,3,desbalance_v_pct,,0.172,-0.00152,0.51,6,sin_ventana,,,
MGB-71001,motor,5,delta_t_c,,7.78,0.02601,0.797,6,sin_ventana,,,
MGB-71001,motor,5,THD_V_pct,,5.939,0.01431,0.958,6,sin_ventana,,,
MGB-71001,motor,5,THD_I_pct,,13.215,0.02819,0.693,6,sin_ventana,,,
MGB-71001,motor,5,desbalance_i_pct,%,1.311,-0.00653,0.342,6,normal,,,NEMA MG-1 §14.35 — >10% no operar sin derateo (aplica con carga >20% nominal)
TR-ANR-01,transformador_seco,8,delta_t_c,,4.462,0.03083,0.852,6,sin_ventana,,,
TR-ANR-01,transformador_seco,8,desbalance_i_pct,,1.95,0.00424,0.071,6,sin_ventana,,,
TR-ANR-01,transformador_seco,8,desbalance_v_pct,,0.145,4e-05,0.0,6,sin_ventana,,,
TR-18-02,transformador_seco,8,delta_t_c,,7.412,0.03064,0.819,6,sin_ventana,,,
TR-18-02,transformador_seco,8,desbalance_i_pct,,0.167,0.00378,0.049,6,sin_ventana,,,
TR-18-02,transformador_seco,8,desbalance_v_pct,,0.491,0.00039,0.017,6,sin_ventana,,,
TR-18-01,transformador_seco,8,delta_t_c,,5.389,0.0164,0.655,6,sin_ventana,,,
TR-18-01,transformador_seco,8,desbalance_i_pct,,0.033,-0.00926,0.494,6,sin_ventana,,,
TR-18-01,transformador_seco,8,desbalance_v_pct,,0.446,0.00097,0.12,6,sin_ventana,,,
TR-19-04,transformador_seco,8,delta_t_c,,7.407,0.02576,0.727,6,sin_ventana,,,
TR-19-04,transformador_seco,8,desbalance_i_pct,,1.977,-0.00282,0.069,6,sin_ventana,,,
TR-19-04,transformador_seco,8,desbalance_v_pct,,0.387,0.0005,0.093,6,sin_ventana,,,
TR-19-03,transformador_seco,8,delta_t_c,,6.957,0.01927,0.457,6,sin_ventana,,,
TR-19-03,transformador_seco,8,desbalance_i_pct,,2.29,-0.00348,0.112,6,sin_ventana,,,
TR-19-03,transformador_seco,8,desbalance_v_pct,,0.462,-0.00017,0.002,6,sin_ventana,,,
TR-AUX-TG3,transformador,8,temp_max_c,,74.34,0.06728,0.83,6,sin_ventana,,,
TR-AUX-TG3,transformador,8,delta_t_c,,4.768,0.01646,0.648,6,sin_ventana,,,
TR-AUX-TG3,transformador,8,IP,,2.828,-0.00398,0.767,6,sin_ventana,,,
TR-AUX-TG3,transformador,8,R_aislamiento_MOhm,,2221.286,-5.51745,0.957,6,sin_ventana,,,
TR-AUX-TG3,transformador,8,desbalance_i_pct,,0.354,-0.00674,0.171,6,sin_ventana,,,
TR-AUX-TG3,transformador,8,desbalance_v_pct,,0.165,-0.00094,0.229,6,sin_ventana,,,
TR-AUX-TG2,transformador,8,temp_max_c,,80.963,0.05773,0.566,6,sin_ventana,,,
TR-AUX-TG2,transformador,8,delta_t_c,,5.089,0.02362,0.774,6,sin_ventana,,,
TR-AUX-TG2,transformador,8,IP,,2.804,-0.00432,0.837,6,sin_ventana,,,
TR-AUX-TG2,transformador,8,R_aislamiento_MOhm,,2336.17,-3.96505,0.871,6,sin_ventana,,,
TR-AUX-TG2,transformador,8,desbalance_i_pct,,1.654,-0.00028,0.0,6,sin_ventana,,,
TR-AUX-TG2,transformador,8,desbalance_v_pct,,0.021,-0.00325,0.874,6,sin_ventana,,,
TR-AUX-GTG1,transformador,8,temp_max_c,,80.698,0.1309,0.831,6,sin_ventana,,,
TR-AUX-GTG1,transformador,8,delta_t_c,,9.225,0.04556,0.93,6,sin_ventana,,,
TR-AUX-GTG1,transformador,8,IP,,1.5,-0.01255,0.984,6,sin_ventana,,,
TR-AUX-GTG1,transformador,8,R_aislamiento_MOhm,,1537.744,-10.93029,0.961,6,sin_ventana,,,
TR-AUX-GTG1,transformador,8,desbalance_i_pct,,0.328,-0.01283,0.229,6,sin_ventana,,,
TR-AUX-GTG1,transformador,8,desbalance_v_pct,,0.305,-0.00532,0.421,6,sin_ventana,,,
TR-216-04,transformador_seco,8,delta_t_c,,6.745,0.0395,0.852,6,sin_ventana,,,
TR-216-04,transformador_seco,8,desbalance_i_pct,,0.691,-0.00237,0.032,6,sin_ventana,,,
TR-216-04,transformador_seco,8,desbalance_v_pct,,0.186,-0.00033,0.015,6,sin_ventana,,,
TR-14-02,transformador_seco,3,delta_t_c,,6.239,0.0225,0.88,6,sin_ventana,,,
TR-14-02,transformador_seco,3,desbalance_i_pct,,2.768,0.00767,0.423,6,sin_ventana,,,
TR-14-02,transformador_seco,3,desbalance_v_pct,,0.296,0.00035,0.01,6,sin_ventana,,,
TR-14-01,transformador_seco,3,delta_t_c,,8.233,0.02571,0.594,6,sin_ventana,,,
TR-14-01,transformador_seco,3,desbalance_i_pct,,1.013,-0.00826,0.246,6,sin_ventana,,,
TR-14-01,transformador_seco,3,desbalance_v_pct,,0.181,-0.0008,0.119,6,sin_ventana,,,
TR-17-02,transformador_seco,8,delta_t_c,,4.779,0.0148,0.313,6,sin_ventana,,,
TR-17-02,transformador_seco,8,desbalance_i_pct,,1.854,0.00508,0.081,6,sin_ventana,,,
TR-17-02,transformador_seco,8,desbalance_v_pct,,0.02,-0.00031,0.123,6,sin_ventana,,,
TR-17-01,transformador_seco,8,delta_t_c,,5.958,0.02462,0.588,6,sin_ventana,,,
TR-17-01,transformador_seco,8,desbalance_i_pct,,1.225,0.00658,0.197,6,sin_ventana,,,
TR-17-01,transformador_seco,8,desbalance_v_pct,,0.487,0.00117,0.281,6,sin_ventana,,,
TR-15-04,transformador_seco,2,delta_t_c,,7.589,0.0307,0.893,6,sin_ventana,,,
TR-15-04,transformador_seco,2,desbalance_i_pct,,1.583,0.00885,0.289,6,sin_ventana,,,
TR-15-04,transformador_seco,2,desbalance_v_pct,,0.262,0.00071,0.075,6,sin_ventana,,,
TR-15-03,transformador_seco,2,delta_t_c,,6.728,0.02949,0.846,6,sin_ventana,,,
TR-15-03,transformador_seco,2,desbalance_i_pct,,0.414,-0.00624,0.153,6,sin_ventana,,,
TR-15-03,transformador_seco,2,desbalance_v_pct,,0.157,-0.00016,0.014,6,sin_ventana,,,
TR-15-02,transformador_seco,2,delta_t_c,,12.478,0.05656,0.914,6,sin_ventana,,,
TR-15-02,transformador_seco,2,desbalance_i_pct,,6.738,0.0146,0.079,6,sin_ventana,,,
TR-15-02,transformador_seco,2,desbalance_v_pct,,1.243,0.00323,0.51,6,sin_ventana,,,
TR-15-01,transformador_seco,2,delta_t_c,,12.482,0.0513,0.897,6,sin_ventana,,,
TR-15-01,transformador_seco,2,desbalance_i_pct,,4.349,-0.004,0.017,6,sin_ventana,,,
TR-15-01,transformador_seco,2,desbalance_v_pct,,0.404,-0.00027,0.003,6,sin_ventana,,,
71-TR-101 B,transformador_seco,5,delta_t_c,,5.291,0.02755,0.971,6,sin_ventana,,,
71-TR-101 B,transformador_seco,5,desbalance_i_pct,,1.619,-0.00638,0.182,6,sin_ventana,,,
71-TR-101 B,transformador_seco,5,desbalance_v_pct,,0.416,0.00129,0.117,6,sin_ventana,,,
71-TR-101 A,transformador_seco,5,delta_t_c,,12.077,0.06287,0.942,6,sin_ventana,,,
71-TR-101 A,transformador_seco,5,desbalance_i_pct,,2.361,-0.01164,0.073,6,sin_ventana,,,
71-TR-101 A,transformador_seco,5,desbalance_v_pct,,1.165,0.00111,0.053,6,sin_ventana,,,
IE-CCM201-10B,interruptor,7,temp_max_c,,52.159,0.05719,0.571,6,sin_ventana,,,
IE-CCM201-10B,interruptor,7,desbalance_i_pct,,1.141,-0.00511,0.12,6,sin_ventana,,,
IE-CCM201-10B,interruptor,7,desbalance_v_pct,,0.25,-0.00032,0.014,6,sin_ventana,,,
GB-71002-BH02 A,arrancador,5,temp_max_c,,43.176,0.02878,0.612,6,sin_ventana,,,
GB-71002-BH02 A,arrancador,5,desbalance_i_pct,,0.697,-0.01032,0.368,6,sin_ventana,,,
GB-71002-BH02 A,arrancador,5,desbalance_v_pct,,0.438,0.00145,0.446,6,sin_ventana,,,
IEB-104 62-TR-303 B,interruptor,5,temp_max_c,,56.165,0.03463,0.648,6,sin_ventana,,,
IEB-104 62-TR-303 B,interruptor,5,desbalance_i_pct,,2.301,0.00617,0.152,6,sin_ventana,,,
IEB-104 62-TR-303 B,interruptor,5,desbalance_v_pct,,0.25,0.00095,0.117,6,sin_ventana,,,
XV-31967C,motor,2,delta_t_c,,11.616,0.04094,0.869,6,sin_ventana,,,
XV-31967C,motor,2,THD_V_pct,,5.369,0.00748,0.664,6,sin_ventana,,,
XV-31967C,motor,2,THD_I_pct,,14.312,0.0174,0.531,6,sin_ventana,,,
XV-31967C,motor,2,desbalance_v_pct,%,0.104,-0.00105,0.125,6,normal,,,NEMA MG-1 §14.36 (<1% ideal; <2% límite operacional)
52-18-1-009  TR-181-02A-2,interruptor,8,temp_max_c,,53.337,0.05351,0.758,6,sin_ventana,,,
52-18-1-009  TR-181-02A-2,interruptor,8,desbalance_i_pct,,2.384,0.00424,0.125,6,sin_ventana,,,
52-18-1-009  TR-181-02A-2,interruptor,8,desbalance_v_pct,,0.271,0.0001,0.003,6,sin_ventana,,,
ECM-73001 BB,arrancador,4,temp_max_c,,43.853,0.04344,0.544,6,sin_ventana,,,
ECM-73001 BB,arrancador,4,desbalance_i_pct,,1.851,0.00307,0.127,6,sin_ventana,,,
ECM-73001 BB,arrancador,4,desbalance_v_pct,,0.187,-0.00046,0.107,6,sin_ventana,,,
MOV-10220,motor,8,delta_t_c,,10.531,0.02769,0.537,6,sin_ventana,,,
MOV-10220,motor,8,THD_V_pct,,5.344,0.00878,0.809,6,sin_ventana,,,
MOV-10220,motor,8,THD_I_pct,,10.816,0.0327,0.905,6,sin_ventana,,,
MOV-10220,motor,8,desbalance_v_pct,%,0.438,-4e-05,0.0,6,normal,,,NEMA MG-1 §14.36 (<1% ideal; <2% límite operacional)
MEC-71002 D,arrancador,5,temp_max_c,,43.568,0.03301,0.902,6,sin_ventana,,,
MEC-71002 D,arrancador,5,desbalance_i_pct,,1.055,-0.00546,0.37,6,sin_ventana,,,
MEC-71002 D,arrancador,5,desbalance_v_pct,,0.229,-0.00167,0.859,6,sin_ventana,,,
TDM-151-01 BUS A,tablero,2,temp_max_c,,50.572,0.07032,0.671,6,sin_ventana,,,
TDM-151-01 BUS A,tablero,2,THD_V_pct,,6.74,0.01607,0.861,6,sin_ventana,,,
TDM-151-01 BUS A,tablero,2,desbalance_i_pct,,0.115,-0.00814,0.33,6,sin_ventana,,,
TDM-151-01 BUS A,tablero,2,desbalance_v_pct,,0.014,-0.00101,0.081,6,sin_ventana,,,
TG_300_88BT-1,motor,8,delta_t_c,,10.287,0.03691,0.697,6,sin_ventana,,,
TG_300_88BT-1,motor,8,THD_V_pct,,5.665,0.01297,0.956,6,sin_ventana,,,
TG_300_88BT-1,motor,8,THD_I_pct,,13.953,0.01521,0.575,6,sin_ventana,,,
ECM-31104E-A,arrancador,2,temp_max_c,,43.742,0.03295,0.933,6,sin_ventana,,,
ECM-31104E-A,arrancador,2,desbalance_i_pct,,2.494,0.00893,0.29,6,sin_ventana,,,
ECM-31104E-A,arrancador,2,desbalance_v_pct,,0.396,-0.0004,0.037,6,sin_ventana,,,
GAM-31010A,arrancador,2,temp_max_c,,44.129,0.0459,0.928,6,sin_ventana,,,
GAM-31010A,arrancador,2,desbalance_i_pct,,1.198,0.00736,0.508,6,sin_ventana,,,
GAM-31010A,arrancador,2,desbalance_v_pct,,0.188,-0.00081,0.205,6,sin_ventana,,,
XV-31908E,motor,2,delta_t_c,,5.201,0.02096,0.507,6,sin_ventana,,,
XV-31908E,motor,2,THD_V_pct,,5.035,0.01067,0.806,6,sin_ventana,,,
XV-31908E,motor,2,THD_I_pct,,10.608,0.00199,0.03,6,sin_ventana,,,
CCM-09-03 BUS B,ccm,6,temp_max_c,,48.421,0.05352,0.652,6,sin_ventana,,,
CCM-09-03 BUS B,ccm,6,delta_t_c,,7.796,0.031,0.859,6,sin_ventana,,,
CCM-09-03 BUS B,ccm,6,desbalance_i_pct,%,1.35,-0.0077,0.411,6,normal,,,NEMA MG-1 §14.35 aplicado en el bus del CCM
CCM-09-03 BUS B,ccm,6,desbalance_v_pct,,0.187,0.00063,0.153,6,sin_ventana,,,
GBM-79001,motor,5,delta_t_c,,11.234,0.03363,0.868,6,sin_ventana,,,
GBM-79001,motor,5,THD_V_pct,,5.395,0.00552,0.688,6,sin_ventana,,,
GBM-79001,motor,5,THD_I_pct,,10.075,0.014,0.538,6,sin_ventana,,,
GBM-79001,motor,5,desbalance_i_pct,%,0.07,-0.00213,0.018,6,normal,,,NEMA MG-1 §14.35 — >10% no operar sin derateo (aplica con carga >20% nominal)
GBM-79001,motor,5,desbalance_v_pct,%,0.327,-0.00031,0.02,6,normal,,,NEMA MG-1 §14.36 (<1% ideal; <2% límite operacional)
M-BR-89003A,arrancador,7,temp_max_c,,44.917,0.04569,0.893,6,sin_ventana,,,
M-BR-89003A,arrancador,7,desbalance_i_pct,,2.929,0.00238,0.024,6,sin_ventana,,,
M-BR-89003A,arrancador,7,desbalance_v_pct,,0.0,-0.00244,0.547,6,sin_ventana,,,
MSPE-52001-BD01B,arrancador,4,temp_max_c,,43.848,0.02074,0.605,6,sin_ventana,,,
MSPE-52001-BD01B,arrancador,4,desbalance_i_pct,,0.882,-0.00458,0.133,6,sin_ventana,,,
MSPE-52001-BD01B,arrancador,4,desbalance_v_pct,,0.021,-0.00028,0.008,6,sin_ventana,,,
M-GA-89025,motor,7,delta_t_c,,7.675,0.03418,0.825,6,sin_ventana,,,
M-GA-89025,motor,7,THD_V_pct,,6.096,0.0062,0.517,6,sin_ventana,,,
M-GA-89025,motor,7,THD_I_pct,,10.315,0.01711,0.433,6,sin_ventana,,,
M-GA-89025,motor,7,desbalance_i_pct,%,0.317,-0.00494,0.125,6,normal,,,NEMA MG-1 §14.35 — >10% no operar sin derateo (aplica con carga >20% nominal)
M-GA-89025,motor,7,desbalance_v_pct,%,0.187,-0.00016,0.007,6,normal,,,NEMA MG-1 §14.36 (<1% ideal; <2% límite operacional)
CCM-151-04 BUS A,ccm,2,temp_max_c,,45.456,0.04542,0.778,6,sin_ventana,,,
CCM-151-04 BUS A,ccm,2,delta_t_c,,10.838,0.02591,0.624,6,sin_ventana,,,
CCM-151-04 BUS A,ccm,2,desbalance_i_pct,%,1.443,-0.00808,0.811,6,normal,,,NEMA MG-1 §14.35 aplicado en el bus del CCM
CCM-151-04 BUS A,ccm,2,desbalance_v_pct,,0.354,-0.00133,0.153,6,sin_ventana,,,
MGA-88103,arrancador,6,temp_max_c,,40.825,0.02313,0.722,6,sin_ventana,,,
MGA-88103,arrancador,6,desbalance_i_pct,,2.098,0.00409,0.071,6,sin_ventana,,,
MGA-88103,arrancador,6,desbalance_v_pct,,0.292,-0.00028,0.009,6,sin_ventana,,,
IE-02 ACOM TDBT-18-1-03 B,interruptor,8,temp_max_c,,51.348,0.05186,0.84,6,sin_ventana,,,
IE-02 ACOM TDBT-18-1-03 B,interruptor,8,desbalance_i_pct,,1.033,-0.00048,0.001,6,sin_ventana,,,
IE-02 ACOM TDBT-18-1-03 B,interruptor,8,desbalance_v_pct,,0.083,-8e-05,0.001,6,sin_ventana,,,
MEC-61002 K,arrancador,5,temp_max_c,,44.874,0.04389,0.844,6,sin_ventana,,,
MEC-61002 K,arrancador,5,desbalance_i_pct,,0.989,-0.00968,0.463,6,sin_ventana,,,
MEC-61002 K,arrancador,5,desbalance_v_pct,,0.042,-0.00216,0.448,6,sin_ventana,,,
MGA-90002 C,arrancador,7,temp_max_c,,41.607,0.04106,0.579,6,sin_ventana,,,
MGA-90002 C,arrancador,7,desbalance_i_pct,,0.956,0.00779,0.539,6,sin_ventana,,,
MGA-90002 C,arrancador,7,desbalance_v_pct,,0.312,0.00149,0.232,6,sin_ventana,,,
M-GA-89033C,arrancador,7,temp_max_c,,42.67,0.03122,0.683,6,sin_ventana,,,
M-GA-89033C,arrancador,7,desbalance_i_pct,,1.314,-0.0052,0.275,6,sin_ventana,,,
M-GA-89033C,arrancador,7,desbalance_v_pct,,0.479,0.00016,0.004,6,sin_ventana,,,
MSPE-61002-BD01A,motor,5,delta_t_c,,10.437,0.03625,0.807,6,sin_ventana,,,
MSPE-61002-BD01A,motor,5,THD_V_pct,,5.179,0.00614,0.277,6,sin_ventana,,,
MSPE-61002-BD01A,motor,5,THD_I_pct,,11.42,0.02029,0.658,6,sin_ventana,,,
MSPE-61002-BD01A,motor,5,desbalance_i_pct,%,1.88,-0.00575,0.441,6,normal,,,NEMA MG-1 §14.35 — >10% no operar sin derateo (aplica con carga >20% nominal)
ECM-11210CB,arrancador,1,temp_max_c,,43.329,0.02725,0.723,6,sin_ventana,,,
ECM-11210CB,arrancador,1,desbalance_i_pct,,0.899,-0.00342,0.061,6,sin_ventana,,,
ECM-11210CB,arrancador,1,desbalance_v_pct,,0.125,-0.00054,0.037,6,sin_ventana,,,
MBC-61001 B,arrancador,5,temp_max_c,,44.965,0.05279,0.863,6,sin_ventana,,,
MBC-61001 B,arrancador,5,desbalance_i_pct,,1.588,0.00445,0.172,6,sin_ventana,,,
MBC-61001 B,arrancador,5,desbalance_v_pct,,0.007,-0.00218,0.61,6,sin_ventana,,,
ME-03603 A,arrancador,8,temp_max_c,,43.164,0.0224,0.474,6,sin_ventana,,,
ME-03603 A,arrancador,8,desbalance_i_pct,,1.022,-0.00093,0.007,6,sin_ventana,,,
ME-03603 A,arrancador,8,desbalance_v_pct,,0.417,-0.00014,0.005,6,sin_ventana,,,
IV-22 INT. PARO SEGURO,interruptor,2,temp_max_c,,52.137,0.03809,0.72,6,sin_ventana,,,
IV-22 INT. PARO SEGURO,interruptor,2,desbalance_i_pct,,0.982,-0.00696,0.184,6,sin_ventana,,,
IV-22 INT. PARO SEGURO,interruptor,2,desbalance_v_pct,,0.104,0.00014,0.002,6,sin_ventana,,,
TDM18-IP-12 B   BC-18-02,interruptor,8,temp_max_c,,54.684,0.05508,0.901,6,sin_ventana,,,
TDM18-IP-12 B   BC-18-02,interruptor,8,desbalance_i_pct,,2.249,0.00833,0.404,6,sin_ventana,,,
TDM18-IP-12 B   BC-18-02,interruptor,8,desbalance_v_pct,,0.5,0.00179,0.266,6,sin_ventana,,,
52-TR-302 A,transformador_seco,4,delta_t_c,,5.638,0.02212,0.493,6,sin_ventana,,,
52-TR-302 A,transformador_seco,4,desbalance_i_pct,,2.087,-0.00863,0.247,6,sin_ventana,,,
52-TR-302 A,transformador_seco,4,desbalance_v_pct,,0.396,0.00052,0.028,6,sin_ventana,,,
MGA-90009 B,arrancador,7,temp_max_c,,46.579,0.06782,0.972,6,sin_ventana,,,
MGA-90009 B,arrancador,7,desbalance_i_pct,,1.577,-0.00229,0.022,6,sin_ventana,,,
MGA-90009 B,arrancador,7,desbalance_v_pct,,0.458,-0.0,0.0,6,sin_ventana,,,
SPE-21012-BV03 D,arrancador,3,temp_max_c,,51.756,0.09766,0.879,6,sin_ventana,,,
SPE-21012-BV03 D,arrancador,3,desbalance_i_pct,,6.654,0.00484,0.012,6,sin_ventana,,,
SPE-21012-BV03 D,arrancador,3,desbalance_v_pct,,0.229,-0.00435,0.443,6,sin_ventana,,,
88QV-1A-300,arrancador,8,temp_max_c,,43.21,0.02353,0.294,6,sin_ventana,,,
88QV-1A-300,arrancador,8,desbalance_i_pct,,1.738,0.00507,0.184,6,sin_ventana,,,
88QV-1A-300,arrancador,8,desbalance_v_pct,,0.312,0.0026,0.799,6,sin_ventana,,,
GAM-23003 B,arrancador,3,temp_max_c,,47.013,0.03795,0.496,6,sin_ventana,,,
GAM-23003 B,arrancador,3,desbalance_i_pct,,0.249,-0.00122,0.009,6,sin_ventana,,,
GAM-23003 B,arrancador,3,desbalance_v_pct,,0.208,0.00131,0.223,6,sin_ventana,,,
MOV-40003,motor,4,delta_t_c,,7.206,0.01532,0.433,6,sin_ventana,,,
MOV-40003,motor,4,THD_V_pct,,4.901,0.00892,0.417,6,sin_ventana,,,
MOV-40003,motor,4,THD_I_pct,,9.838,0.01878,0.626,6,sin_ventana,,,
MOV-40003,motor,4,desbalance_i_pct,%,0.676,-0.00576,0.128,6,normal,,,NEMA MG-1 §14.35 — >10% no operar sin derateo (aplica con carga >20% nominal)
ECM-11104AA,arrancador,1,temp_max_c,,41.846,0.03238,0.647,6,sin_ventana,,,
ECM-11104AA,arrancador,1,desbalance_i_pct,,1.811,0.00046,0.001,6,sin_ventana,,,
ECM-11104AA,arrancador,1,desbalance_v_pct,,0.292,-0.00085,0.38,6,sin_ventana,,,
XV-31904D,motor,2,delta_t_c,,8.813,0.03366,0.767,6,sin_ventana,,,
XV-31904D,motor,2,THD_V_pct,,4.898,0.01205,0.71,6,sin_ventana,,,
XV-31904D,motor,2,THD_I_pct,,10.339,0.01086,0.246,6,sin_ventana,,,
XV-31904D,motor,2,desbalance_i_pct,%,2.703,-0.00212,0.008,6,normal,,,NEMA MG-1 §14.35 — >10% no operar sin derateo (aplica con carga >20% nominal)
XV-31904D,motor,2,desbalance_v_pct,%,0.125,-0.00149,0.369,6,normal,,,NEMA MG-1 §14.36 (<1% ideal; <2% límite operacional)
XV-22962,motor,3,delta_t_c,,9.769,0.04486,0.898,6,sin_ventana,,,
XV-22962,motor,3,THD_V_pct,,4.499,0.00572,0.348,6,sin_ventana,,,
XV-22962,motor,3,THD_I_pct,,11.306,0.02094,0.557,6,sin_ventana,,,
XV-22962,motor,3,desbalance_i_pct,%,1.748,-7e-05,0.0,6,normal,,,NEMA MG-1 §14.35 — >10% no operar sin derateo (aplica con carga >20% nominal)
XV-22962,motor,3,desbalance_v_pct,%,0.333,-0.00109,0.151,6,normal,,,NEMA MG-1 §14.36 (<1% ideal; <2% límite operacional)
TDM18-IP-05 A ALI SE-18-1,interruptor,8,temp_max_c,,48.784,0.05416,0.877,6,sin_ventana,,,
TDM18-IP-05 A ALI SE-18-1,interruptor,8,desbalance_i_pct,,1.071,-0.00572,0.193,6,sin_ventana,,,
TDM18-IP-05 A ALI SE-18-1,interruptor,8,desbalance_v_pct,,0.479,-0.00024,0.007,6,sin_ventana,,,
